sampledate,coreid,wtemp,light50,dark_light,light_logger,light0,do_init,delta_do_rate,do_final,do_gm2hr
2012-06-08,1,8.25,410,0,NA,712.65,12.78,-0.191304347826087,12.12,-0.03539130434782609
2012-06-08,2,8.15,410,1,NA,712.65,12.9,1.06060606060606,16.4,0.2545454545454544
2012-06-08,3,8.3,410,0,NA,712.65,12.67,-0.17905759162303675,12.1,-0.04207853403141363
2012-06-12,2,13.3,718.55,1,NA,1535.5,12.02,1.6210526315789475,16.64,0.340421052631579
2012-06-12,3,12.8,718.55,0,NA,1535.5,12.21,-0.21656804733727852,11.6,-0.04006508875739652
2012-06-12,4,12.9,718.55,1,NA,1535.5,11.68,1.4894117647058824,15.9,0.26809411764705887
2012-06-12,5,12.35,718.55,0,NA,1535.5,12.44,-0.15357142857142847,12.01,-0.03639642857142854
2012-06-12,6,12.5,718.55,1,NA,1535.5,11.35,0.7810650887573968,13.55,0.16636686390532554
2012-06-12,7,12.15,718.55,0,NA,1535.5,12.37,-0.17396449704141956,11.88,-0.04035976331360934
2012-06-12,8,12.25,718.55,1,NA,1535.5,12.5,0.9071428571428568,15.04,0.18233571428571427
2012-06-12,9,12.05,718.55,0,NA,1535.5,11.93,-0.22499999999999967,11.3,-0.05062499999999993
2012-06-12,10,12.2,718.55,1,NA,1535.5,12.06,0.4366863905325439,13.29,0.12008875739644956
2012-06-19,1,11.5,302.8,0,NA,572.3,12.97,-0.21976744186046537,12.34,-0.04856860465116285
2012-06-19,2,11.75,302.8,1,NA,572.3,12.92,0.30177514792899396,13.77,0.07121893491124258
2012-06-19,3,11.45,302.8,0,NA,572.3,12.88,-0.18352941176470636,12.36,-0.03982588235294128
2012-06-19,4,11.75,302.8,1,NA,572.3,12.8,0.46235294117647013,14.11,0.10587882352941164
2012-06-19,5,11.4,302.8,0,NA,572.3,12.21,-0.14385964912280708,11.8,-0.03121754385964913
2012-06-19,6,11.55,302.8,1,NA,572.3,12.71,0.4161849710982656,13.91,0.08573410404624272
2012-06-19,7,11.3,302.8,0,NA,572.3,12.61,-0.31200000000000006,11.7,-0.06739200000000001
2012-06-19,8,11.55,302.8,1,NA,572.3,13.11,0.3257142857142861,14.06,0.08631428571428583
2012-06-19,9,11.4,302.8,0,NA,572.3,12.71,-0.21600000000000028,12.08,-0.04773600000000006
2012-06-19,10,11.7,302.8,1,NA,572.3,12.76,0.5795454545454549,14.46,0.11648863636363645
2012-06-26,1,15.75,657.89,0,NA,1180.005,10.8,-0.48,9.56,-0.097392
2012-06-26,2,15.6,657.89,1,NA,1180.005,10.55,0.8900662251655623,12.79,0.18735894039735088
2012-06-26,3,15.15,657.89,0,NA,1180.005,10.83,-0.4539473684210528,9.68,-0.0962368421052632
2012-06-26,4,15.45,657.89,1,NA,1180.005,10.97,0.7294117647058822,12.83,0.16192941176470582
2012-06-26,5,15.15,657.89,0,NA,1180.005,10.9,-0.3194805194805196,10.08,-0.07028571428571431
2012-06-26,6,15.4,657.89,1,NA,1180.005,11.01,0.6428571428571429,12.66,0.1497857142857143
2012-06-26,7,15.35,657.89,0,NA,1180.005,10.96,-0.4916129032258069,9.69,-0.1140541935483872
2012-06-26,8,15.85,657.89,1,NA,1180.005,10.77,1.123566878980892,13.71,0.24212866242038228
2012-06-26,9,15.75,657.89,0,NA,1180.005,10.7,-0.421518987341772,9.59,-0.09062658227848096
2012-06-26,10,16.15,657.89,1,NA,1180.005,10.95,1.3912500000000003,14.66,0.27129375000000006
2012-07-03,1,15.8,295,0,NA,852.5,12.07,-0.3933014354066988,10.7,-0.08377320574162685
2012-07-03,2,15.95,295,1,NA,852.5,12.09,0.7596330275229357,14.85,0.18611009174311924
2012-07-03,3,15.6,295,0,NA,852.5,12.05,-0.34976303317535556,10.82,-0.07974597156398107
2012-07-03,4,16,295,1,NA,852.5,11.33,0.6192660550458715,13.58,0.17029816513761467
2012-07-03,5,15.6,295,0,NA,852.5,11.68,-0.3742857142857144,10.37,-0.07934857142857146
2012-07-03,6,15.65,295,1,NA,852.5,11.42,0.6140845070422535,13.6,0.15659154929577462
2012-07-03,7,15.85,295,0,NA,852.5,11.91,-0.3952606635071092,10.52,-0.09960568720379152
2012-07-03,8,15.55,295,1,NA,852.5,11.58,0.9497630331753554,14.92,0.18995260663507108
2012-07-03,9,15.35,295,0,NA,852.5,11.83,-0.3885714285714284,10.47,-0.08898285714285709
2012-07-03,10,15.35,295,1,NA,852.5,11.94,0.5885167464114834,13.99,0.14183253588516753
2012-07-11,1,15.7,882.25,0,NA,1466.15,11.07,-0.35056179775280927,10.03,-0.09289887640449444
2012-07-11,2,15.8,882.25,1,NA,1466.15,10.9,0.22711864406779655,11.57,0.06813559322033898
2012-07-11,3,15.35,882.25,0,NA,1466.15,10.92,-0.3222857142857141,9.98,-0.07573714285714281
2012-07-11,4,15.7,882.25,1,NA,1466.15,10.76,0.4261363636363637,12.01,0.09161931818181818
2012-07-11,5,15.5,882.25,0,NA,1466.15,10.97,-0.2571428571428572,10.22,-0.063
2012-07-11,6,15.8,882.25,1,NA,1466.15,10.61,0.27209302325581436,11.39,0.06122093023255823
2012-07-11,7,15.9,882.25,0,NA,1466.15,10.58,-0.30344827586206924,9.7,-0.06675862068965524
2012-07-11,8,15.7,882.25,1,NA,1466.15,10.87,0.2896551724137937,11.71,0.06806896551724152
2012-07-11,9,15.9,882.25,0,NA,1466.15,10.84,-0.339884393063584,9.86,-0.09006936416184975
2012-07-11,10,16,882.25,1,NA,1466.15,10.95,0.2724137931034486,11.74,0.07491379310344837
2012-07-17,1,17.75,680,0,NA,975,10.25,-0.4896551724137931,8.83,-0.0979310344827586
2012-07-17,2,16.6,680,1,NA,975,11.1,0.30000000000000043,11.96,0.07500000000000011
2012-07-17,3,16.85,680,0,NA,975,10.7,-0.34534883720930176,9.71,-0.06803372093023245
2012-07-17,4,16.35,680,1,NA,975,11.48,0.5122807017543857,12.94,0.11116491228070167
2012-07-17,5,16.75,680,0,NA,975,11.02,-0.11228070175438606,10.7,-0.025936842105263178
2012-07-17,6,16.85,680,1,NA,975,11.12,0.25964912280701763,11.86,0.05920000000000001
2012-07-17,7,16.700000000000003,680,0,NA,975,10.81,-0.2541176470588237,10.09,-0.06098823529411769
2012-07-17,8,16.9,680,1,NA,975,11.13,0.3266272189349112,12.05,0.07708402366863905
2012-07-17,9,17.45,680,0,NA,975,10.77,-0.3621301775147927,9.75,-0.07785798816568043
2012-07-17,10,17.950000000000003,680,1,NA,975,11.24,0.6461538461538462,13.06,0.13956923076923078
2012-07-29,1,15.6,814.65,0,NA,NA,10.47,-0.3428571428571432,9.43,-0.0754285714285715
2012-07-29,2,15.45,814.65,1,NA,NA,10.51,0.6327868852459015,12.44,0.1297213114754098
2012-07-29,3,14.95,814.65,0,NA,NA,11.03,-0.24262295081967225,10.29,-0.05701639344262297
2012-07-29,4,15.2,814.65,1,NA,NA,10.66,1.001086956521739,13.73,0.22524456521739128
2012-07-29,5,14.75,814.65,0,NA,NA,10.77,-0.0923076923076921,10.49,-0.0221538461538461
2012-07-29,6,14.8,814.65,1,NA,NA,10.44,0.5802197802197802,12.2,0.1607208791208791
2012-07-29,7,14.5,814.65,0,NA,NA,10.59,-0.19226519337016576,10.01,-0.04806629834254144
2012-07-29,8,14.85,814.65,1,NA,NA,10.4,0.7823204419889501,12.76,0.1799337016574585
2012-07-29,9,14.45,814.65,0,NA,NA,10.47,-0.08571428571428565,10.21,-0.01714285714285713
2012-07-29,10,14.6,814.65,1,NA,NA,10.54,0.876923076923077,13.2,0.2060769230769231
2012-08-04,1,16.1,556,0,NA,NA,9.39,-0.20769230769230787,8.67,-0.06168461538461543
2012-08-04,2,16.5,556,1,NA,NA,9.51,1.1433962264150943,13.55,0.2675547169811321
2012-08-04,3,15.7,556,0,NA,NA,9.6,-0.2928909952606633,8.57,-0.07234407582938383
2012-08-04,4,15.65,556,1,NA,NA,9.6,0.6483412322274885,11.88,0.1938540284360191
2012-08-04,5,15.55,556,0,NA,NA,9.63,-0.3154929577464792,8.51,-0.0772957746478874
2012-08-04,6,15.6,556,1,NA,NA,9.91,1.3153846153846154,14.47,0.3170076923076923
2012-08-04,7,15.35,556,0,NA,NA,9.45,-0.19436619718309847,8.76,-0.04684225352112674
2012-08-04,8,15.55,556,1,NA,NA,9.61,0.9014218009478672,12.78,0.20281990521327015
2012-08-04,9,15.55,556,0,NA,NA,9.56,-0.2218009478672989,8.78,-0.05766824644549771
2012-08-04,10,15.7,556,1,NA,NA,9.67,1.0521327014218007,13.37,0.253563981042654
2012-08-17,1,15.55,327.905,1,NA,613.05,10.57,0.8812500000000001,13.39,0.215025
2012-08-17,2,15.5,327.905,0,NA,613.05,10.13,-0.2381443298969076,9.36,-0.06501340206185578
2012-08-17,3,15.15,327.905,1,NA,613.05,10.75,1.5699481865284977,15.8,0.3924870466321244
2012-08-17,4,15.3,327.905,0,NA,613.05,10.82,-0.19585492227979295,10.19,-0.05386010362694307
2012-08-17,5,15.15,327.905,1,NA,613.05,10.5,0.910880829015544,13.43,0.20039378238341968
2012-08-17,6,15.2,327.905,0,NA,613.05,10.67,-0.2642487046632123,9.82,-0.06289119170984453
2012-08-17,7,15.2,327.905,1,NA,613.05,10.88,1.2989690721649485,15.08,0.33773195876288653
2012-08-17,8,15.15,327.905,0,NA,613.05,10.49,-0.22153846153846177,9.77,-0.04652307692307697
2012-08-17,9,15.3,327.905,1,NA,613.05,10.44,1.310769230769231,14.7,0.27001846153846154
2012-08-17,10,15.1,327.905,0,NA,613.05,10.53,-0.2092307692307691,9.85,-0.05816615384615382
2013-06-08,1,15.4,272.5,0,NA,642.5,12.42,-0.2771739130434781,11.57,-0.05266304347826084
2013-06-08,2,15.4,272.5,1,NA,642.5,12.32,0.7615384615384617,14.63,0.1370769230769231
2013-06-08,3,15.35,272.5,0,NA,642.5,12.36,-0.2802197802197801,11.51,-0.05884615384615382
2013-06-08,4,15.3,272.5,1,NA,642.5,12.42,1.027624309392265,15.52,0.1798342541436464
2013-06-08,5,15.2,272.5,0,NA,642.5,12.36,-0.28176795580110486,11.51,-0.05917127071823202
2013-06-08,6,15.35,272.5,1,NA,642.5,12.15,0.5494382022471906,13.78,0.12087640449438192
2013-06-08,7,15.3,272.5,0,NA,642.5,12.28,-0.15932203389830468,11.81,-0.03425423728813551
2013-06-08,8,15.25,272.5,1,NA,642.5,12.32,1.317241379310345,16.14,0.2436896551724138
2013-06-08,9,15.5,272.5,0,NA,642.5,12.24,-0.11791907514450864,11.9,-0.02535260115606935
2013-06-08,10,15.45,272.5,1,NA,642.5,12.3,0.9458823529411764,14.98,0.18917647058823525
2013-06-15,1,13.8,740,0,NA,2060,11.51,-0.18631578947368416,10.92,-0.03633157894736841
2013-06-15,2,13.65,740,1,NA,2060,11.69,0.7978723404255319,14.19,0.1675531914893617
2013-06-15,3,13.5,740,0,NA,2060,11.34,-0.1595744680851064,10.84,-0.03351063829787235
2013-06-15,4,13.5,740,1,NA,2060,11.69,0.6128342245989306,13.6,0.12563101604278076
2013-06-15,5,13.6,740,0,NA,2060,11.68,-0.07419354838709691,11.45,-0.01632258064516132
2013-06-15,6,13.75,740,1,NA,2060,11.53,0.6163043478260871,13.42,0.11401630434782611
2013-06-15,7,13.4,740,0,NA,2060,11.67,-0.16630434782608688,11.16,-0.03326086956521737
2013-06-15,8,13.6,740,1,NA,2060,11.11,0.8241758241758242,13.61,0.1565934065934066
2013-06-15,9,13.4,740,1,NA,2060,11.18,0.3099999999999999,12.11,0.06819999999999998
2013-06-15,10,13.75,740,1,NA,2060,11.69,0.7786516853932586,14,0.159623595505618
2013-06-22,1,13.6,335,0,NA,726,12.07,-0.25573770491803316,11.29,-0.05370491803278696
2013-06-22,2,13.7,335,1,NA,726,12.03,1.052513966480447,15.17,0.22102793296089387
2013-06-22,3,13.4,335,0,NA,726,12.02,-0.170949720670391,11.51,-0.03589944134078211
2013-06-22,4,13.5,335,1,NA,726,12.2,0.9539325842696628,15.03,0.19078651685393255
2013-06-22,5,13.65,335,0,NA,726,12.17,-0.357303370786517,11.11,-0.06967415730337083
2013-06-22,6,13.4,335,1,NA,726,11.96,0.8795454545454541,14.54,0.1934999999999999
2013-06-22,7,13.35,335,0,NA,726,12.1,-0.3394285714285715,11.11,-0.06449142857142859
2013-06-22,8,13.4,335,1,NA,726,11.97,0.7275862068965515,14.08,0.13460344827586204
2013-06-22,9,13.55,335,1,NA,726,11.98,0.8413793103448275,14.42,0.1935172413793103
2013-06-22,10,14,335,1,NA,726,12.28,1.1391891891891894,15.09,0.2677094594594595
2013-06-29,1,12.75,700,0,NA,2225,11.9,-0.17313432835820897,11.32,-0.03722388059701492
2013-06-29,2,12.65,700,1,NA,2225,11.94,1.459296482412061,16.78,0.2991557788944724
2013-06-29,3,12.65,700,0,NA,2225,11.92,-0.12487309644670055,11.51,-0.02185279187817259
2013-06-29,4,12.8,700,1,NA,2225,11.84,0.9228426395939084,14.87,0.1753401015228426
2013-06-29,5,12.45,700,0,NA,2225,12.12,-0.13705583756345158,11.67,-0.02809644670050757
2013-06-29,6,12.5,700,1,NA,2225,12.06,1.009230769230769,15.34,0.20184615384615376
2013-06-29,7,12.35,700,0,NA,2225,11.75,-0.25979381443298966,10.91,-0.05065979381443299
2013-06-29,8,12.3,700,1,NA,2225,12.22,0.5782383419689118,14.08,0.1474507772020725
2013-06-29,9,12.45,700,1,NA,2225,11.34,0.8755102040816325,14.2,0.17072448979591834
2013-06-29,10,12.75,700,1,NA,2225,11.25,0.947208121827411,14.36,0.18944162436548215
2013-07-08,1,10.4,150,0,NA,311.5,10.91,-0.5451923076923079,9.02,-0.12812019230769234
2013-07-08,2,10.3,150,1,NA,311.5,10.8,-0.2771428571428573,9.83,-0.05542857142857146
2013-07-08,3,10.25,150,0,NA,311.5,10.92,-0.3298578199052133,9.76,-0.07916587677725119
2013-07-08,4,10.25,150,1,NA,311.5,11.2,-0.3457142857142855,9.99,-0.06568571428571424
2013-07-08,5,10.2,150,0,NA,311.5,11.07,-0.41714285714285737,9.61,-0.10011428571428578
2013-07-08,6,10.2,150,1,NA,311.5,10.96,0.13142857142857117,11.42,0.02431428571428566
2013-07-08,7,10.25,150,0,NA,311.5,10.76,-0.5715639810426539,8.75,-0.10002369668246444
2013-07-08,8,10.2,150,1,NA,311.5,10.9,0.197142857142857,11.59,0.04041428571428568
2013-07-08,9,10.2,150,1,NA,311.5,11.02,0.01142857142857169,11.06,0.00297142857142864
2013-07-08,10,10.2,150,1,NA,311.5,11.14,0.2685714285714284,12.08,0.0671428571428571
2013-07-14,1,12.8,565,0,NA,765,10.64,-0.7333333333333337,8.44,-0.16133333333333344
2013-07-14,2,12.4,565,1,NA,765,10.54,0.9133333333333334,13.28,0.17810000000000004
2013-07-14,3,12.5,565,0,NA,765,10.43,-0.6164835164835163,8.56,-0.12021428571428566
2013-07-14,4,12.35,565,1,NA,765,10.49,0.9197802197802196,13.28,0.1793571428571428
2013-07-14,5,12.1,565,0,NA,765,10.67,-0.41000000000000014,9.44,-0.08610000000000002
2013-07-14,6,12.3,565,1,NA,765,10.58,0.9182320441988948,13.35,0.18823756906077344
2013-07-14,7,12.1,565,0,NA,765,10.55,-0.37458563535911626,9.42,-0.09177348066298348
2013-07-14,8,12.15,565,1,NA,765,10.56,1.0153846153846156,13.64,0.18784615384615388
2013-07-14,9,12.2,565,1,NA,765,10.64,1.2296703296703293,14.37,0.2643791208791208
2013-07-14,10,12.25,565,1,NA,765,10.74,1.5164835164835164,15.34,0.2881318681318681
2013-07-20,1,15,506.5,0,NA,750,10.43,-0.3829787234042551,9.23,-0.08425531914893612
2013-07-20,2,14.55,506.5,1,NA,750,10.2,0.7790575916230368,12.68,0.15581151832460735
2013-07-20,3,14.4,506.5,0,NA,750,10.39,-0.44455958549222785,8.96,-0.08446632124352328
2013-07-20,4,14.4,506.5,1,NA,750,10.1,0.6373056994818654,12.15,0.12491191709844564
2013-07-20,5,14,506.5,0,NA,750,10.4,-0.2381443298969071,9.63,-0.05334432989690718
2013-07-20,6,14.05,506.5,1,NA,750,10.23,0.732307692307692,12.61,0.14060307692307686
2013-07-20,7,14.1,506.5,0,NA,750,10.6,-0.30456852791878175,9.6,-0.05939086294416244
2013-07-20,8,14.6,506.5,1,NA,750,10.5,0.66969696969697,12.71,0.1480030303030304
2013-07-20,9,14.5,506.5,1,NA,750,10.45,0.6878787878787883,12.72,0.12794545454545464
2013-07-20,10,14.8,506.5,1,NA,750,10.24,0.8713567839195981,13.13,0.17427135678391964
2013-07-27,1,19.85,600,0,NA,1125,10.07,-0.6202247191011235,8.23,-0.11164044943820224
2013-07-27,2,19.35,600,1,NA,1125,10.39,2.1999999999999993,16.88,0.3629999999999999
2013-07-27,3,19,600,0,NA,1125,10.65,-0.7090909090909092,8.57,-0.13472727272727275
2013-07-27,4,19.049999999999997,600,1,NA,1125,10.33,0.5762711864406777,12.03,0.0950847457627118
2013-07-27,5,18.9,600,0,NA,1125,10.54,-0.6167597765363128,8.7,-0.12026815642458098
2013-07-27,6,18.950000000000003,600,1,NA,1125,10.38,1.9314606741573028,16.11,0.4056067415730336
2013-07-27,7,18.95,600,0,NA,1125,10.54,-0.647191011235955,8.62,-0.11002247191011236
2013-07-27,8,18.75,600,1,NA,1125,10.51,0.5232558139534884,12.01,0.09418604651162792
2013-07-27,9,19,600,1,NA,1125,10.58,0.953142857142857,13.36,0.1620342857142857
2013-07-27,10,19.15,600,1,NA,1125,10.24,2.103409090909091,16.41,0.3786136363636363
2013-08-06,1,8,190,0,NA,335,10.81,-0.27540983606557373,9.97,-0.04268852459016393
2013-08-06,2,8.05,190,1,NA,335,11.28,1.226086956521739,15.04,0.27586956521739125
2013-08-06,3,7.65,190,0,NA,335,11.48,-0.01304347826086986,11.44,-0.00234782608695657
2013-08-06,4,7.9,190,1,NA,335,11.09,0.5999999999999999,12.93,0.14399999999999996
2013-08-06,5,7.75,190,0,NA,335,11.5,-0.03278688524590152,11.4,-0.00672131147540981
2013-08-06,6,7.95,190,1,NA,335,11.1,1.1245901639344262,14.53,0.20242622950819672
2013-08-06,7,7.85,190,0,NA,335,11.08,0.07582417582417597,11.31,0.01440659340659343
2013-08-06,8,7.9,190,1,NA,335,10.7,0.6497237569060776,12.66,0.1104530386740332
2013-08-06,9,7.800000000000001,190,1,NA,335,11.03,1.3666666666666671,15.13,0.23916666666666675
2013-08-06,10,7.7,190,1,NA,335,11.42,2.8233333333333337,19.89,0.4517333333333334
2013-08-11,1,10,68.5,0,NA,151.5,10.68,-0.35351351351351346,9.59,-0.05656216216216215
2013-08-11,2,9.95,68.5,1,NA,151.5,10.66,1.039572192513369,13.9,0.16633155080213904
2013-08-11,3,9.8,68.5,0,NA,151.5,10.52,-0.1957219251336897,9.91,-0.03620855614973259
2013-08-11,4,9.8,68.5,1,NA,151.5,10.48,0.42127659574468096,11.8,0.07582978723404257
2013-08-11,5,9.85,68.5,0,NA,151.5,10.51,-0.16914893617021257,9.98,-0.03382978723404251
2013-08-11,6,9.9,68.5,1,NA,151.5,10.56,0.5521276595744676,12.29,0.08834042553191482
2013-08-11,7,9.6,68.5,0,NA,151.5,10.93,-0.09893617021276611,10.62,-0.01632446808510641
2013-08-11,8,9.7,68.5,1,NA,151.5,10.67,0.580952380952381,12.5,0.09876190476190476
2013-08-11,9,9.5,68.5,1,NA,151.5,10.77,0.86984126984127,13.51,0.14352380952380955
2013-08-11,10,9.55,68.5,1,NA,151.5,10.52,0.346031746031746,11.61,0.0795873015873016
2014-06-02,1,12.75,202.5,0,NA,275,11.73,-0.6861386138613863,9.42,-0.15095049504950497
2014-06-02,2,12.65,202.5,1,NA,275,11.76,1.1732673267326736,15.71,0.269851485148515
2014-06-02,3,12.55,202.5,0,NA,275,11.76,-0.6594059405940595,9.54,-0.12528712871287132
2014-06-02,4,12.55,202.5,1,NA,275,11.94,1.5223880597014925,17.04,0.31970149253731345
2014-06-02,5,12.5,202.5,0,NA,275,12.02,-0.4716417910447761,10.44,-0.10376119402985072
2014-06-02,6,12.5,202.5,1,NA,275,11.79,1.1457286432160805,15.59,0.2463316582914573
2014-06-02,7,12.4,202.5,0,NA,275,11.74,-0.42512562814070354,10.33,-0.08927638190954773
2014-06-02,8,12.3,202.5,1,NA,275,12.1,1.387878787878788,16.68,0.29145454545454547
2014-06-02,9,12.35,202.5,1,NA,275,11.99,1.3060606060606064,16.3,0.30039393939393944
2014-06-02,10,12.35,202.5,1,NA,275,12.44,1.166834170854271,16.31,0.2800402010050251
2014-06-09,1,16.450000000000003,305,0,NA,465,12.28,-0.5054187192118224,10.57,-0.09602955665024623
2014-06-09,2,16.25,305,1,NA,465,12.15,1.1287128712871284,15.95,0.2257425742574257
2014-06-09,3,16.200000000000003,305,0,NA,465,12.05,-0.4447761194029851,10.56,-0.08450746268656717
2014-06-09,4,16.05,305,1,NA,465,12.43,1.2539999999999998,16.61,0.22571999999999995
2014-06-09,5,16.1,305,0,NA,465,12.24,1.0109999999999997,15.61,0.19714499999999993
2014-06-09,6,16,305,1,NA,465,12.41,1.181909547738693,16.33,0.21274371859296473
2014-06-09,7,15.9,305,0,NA,465,12.34,-0.42727272727272736,10.93,-0.07690909090909093
2014-06-09,8,15.9,305,1,NA,465,12.03,0.6484848484848487,14.17,0.12645454545454549
2014-06-09,9,15.8,305,1,NA,465,12.19,1.0324873096446705,15.58,0.21682233502538076
2014-06-09,10,15.8,305,1,NA,465,12.21,1.029441624365482,15.59,0.21103553299492384
2014-06-19,1,15.6,119.5,0,83820.70465,171,10.5,-0.24519230769230757,9.65,-0.04658653846153844
2014-06-19,2,15.55,119.5,1,83820.70465,171,10.5,0.6200956937799044,12.66,0.1116172248803828
2014-06-19,3,15.5,119.5,0,83820.70465,171,10.18,-0.26000000000000006,9.27,-0.04940000000000001
2014-06-19,4,15.5,119.5,1,83820.70465,171,10.54,0.5914285714285715,12.61,0.10645714285714288
2014-06-19,5,15.45,119.5,0,83820.70465,171,10.4,-0.2803738317757009,9.4,-0.06168224299065419
2014-06-19,6,15.5,119.5,1,83820.70465,171,10.34,0.5408450704225353,12.26,0.10816901408450706
2014-06-19,7,15.5,119.5,0,83820.70465,171,10.44,-0.28878504672897176,9.41,-0.05198130841121491
2014-06-19,8,15.5,119.5,1,83820.70465,171,10.29,0.6591549295774652,12.63,0.1252394366197184
2014-06-19,9,15.55,119.5,1,83820.70465,171,10.3,0.8292452830188679,13.23,0.15341037735849056
2014-06-19,10,15.5,119.5,1,83820.70465,171,10.51,0.659433962264151,12.84,0.1252924528301887
2014-06-27,1,16.75,248,0,52850.48718,455,11.07,-0.4634920634920638,9.61,-0.08574603174603179
2014-06-27,2,16.65,248,1,52850.48718,455,10.61,0.6032085561497329,12.49,0.12365775401069524
2014-06-27,3,16.6,248,0,52850.48718,455,11.13,-0.2791443850267383,10.26,-0.05443315508021396
2014-06-27,4,16.4,248,1,52850.48718,455,10.94,0.9721925133689844,13.97,0.19443850267379684
2014-06-27,5,16.65,248,0,52850.48718,455,10.9,-0.4331550802139037,9.55,-0.0822994652406417
2014-06-27,6,16.55,248,1,52850.48718,455,11.1,1.0864864864864865,14.45,0.20099999999999996
2014-06-27,7,16.65,248,0,52850.48718,455,10.99,-0.4054054054054054,9.74,-0.06891891891891891
2014-06-27,8,16.5,248,1,52850.48718,455,16.02,-0.32108108108108113,15.03,-0.06100540540540541
2014-06-27,9,16.7,248,1,52850.48718,455,10.96,0.8786885245901639,13.64,0.16695081967213113
2014-06-27,10,16.55,248,1,52850.48718,455,10.92,1.2032786885245903,14.59,0.3429344262295082
2014-07-06,1,9.5,126.685,0,NA,212.7,9.41,-0.19813953488372116,8.7,-0.04557209302325587
2014-07-06,2,9.55,126.685,1,NA,212.7,9.57,0.8679069767441858,12.68,0.21697674418604648
2014-07-06,3,9.6,126.685,0,NA,212.7,9.4,-0.2460829493087559,8.51,-0.05659907834101386
2014-07-06,4,9.55,126.685,1,NA,212.7,9.46,0.6641860465116276,11.84,0.15940465116279062
2014-07-06,5,9.55,126.685,0,NA,212.7,9.47,-0.2222222222222224,8.67,-0.04888888888888892
2014-07-06,6,9.65,126.685,1,NA,212.7,9.13,0.7766355140186915,11.9,0.16697663551401867
2014-07-06,7,9.5,126.685,0,NA,212.7,9.36,-0.16822429906542044,8.76,-0.03700934579439249
2014-07-06,8,9.5,126.685,1,NA,212.7,9.75,0.812093023255814,12.66,0.1664790697674419
2014-07-06,9,9.5,126.685,1,NA,212.7,9.68,0.8267281105990784,12.67,0.1942811059907834
2014-07-06,10,9.5,126.685,1,NA,212.7,9.79,1.618750000000001,12.38,0.3723125000000002
2014-07-17,1,15.15,835.5,0,5636.2725,1150,10.47,-0.24134078212290525,9.75,-0.04706145251396652
2014-07-17,2,15.1,835.5,1,5636.2725,1150,10.41,0.49772727272727246,11.87,0.09954545454545448
2014-07-17,3,14.95,835.5,0,5636.2725,1150,10.52,-0.29828571428571404,9.65,-0.05667428571428567
2014-07-17,4,14.9,835.5,1,5636.2725,1150,10.67,0.859090909090909,13.19,0.15893181818181815
2014-07-17,5,15.25,835.5,0,5636.2725,1150,10.48,-0.06171428571428562,10.3,-0.01172571428571426
2014-07-17,6,15.1,835.5,1,5636.2725,1150,10.21,0.3988439306358377,11.36,0.06580924855491321
2014-07-17,7,14.95,835.5,0,5636.2725,1150,10.64,-0.14566473988439305,10.22,-0.02986127167630057
2014-07-17,8,14.95,835.5,1,5636.2725,1150,10.5,0.8219653179190749,12.87,0.1767225433526011
2014-07-17,9,14.85,835.5,1,5636.2725,1150,10.67,0.3919075144508673,11.8,0.07446242774566478
2014-07-17,10,14.95,835.5,1,5636.2725,1150,10.65,1.2173410404624276,14.16,0.21303468208092485
2014-08-01,1,11.1,146.25,0,3519.814634,401.35,9.85,0.8340659340659344,12.38,0.15847252747252755
2014-08-01,2,11.45,146.25,1,3519.814634,401.35,10.72,0.4813559322033898,12.14,0.07701694915254237
2014-08-01,3,11.15,146.25,0,3519.814634,401.35,9.7,-0.5610810810810809,7.97,-0.10099459459459456
2014-08-01,4,10.95,146.25,1,3519.814634,401.35,9.81,0.4933333333333329,11.29,0.08879999999999992
2014-08-01,5,11.05,146.25,0,3519.814634,401.35,10.64,-0.39,9.47,-0.06824999999999999
2014-08-01,6,10.85,146.25,1,3519.814634,401.35,10.28,0.15248618784530416,10.74,0.03125966850828735
2014-08-01,7,10.55,146.25,0,3519.814634,401.35,10.5,-0.4846153846153848,9.03,-0.0896538461538462
2014-08-01,8,10.7,146.25,1,3519.814634,401.35,10.08,0.9494505494505496,12.96,0.17564835164835169
2014-08-01,9,10.6,146.25,1,3519.814634,401.35,10.77,0.3508196721311477,11.84,0.06314754098360659
2014-08-01,10,10.5,146.25,1,3519.814634,401.35,10.44,0.241304347826087,11.18,0.0518804347826087
2014-08-09,1,11.9,40.9,0,23313.53315,146.15,9.3,-0.6468750000000001,7.23,-0.1164375
2014-08-09,2,12,40.9,1,23313.53315,146.15,9.43,-0.2698412698412697,8.58,-0.04722222222222219
2014-08-09,3,11.85,40.9,0,23313.53315,146.15,9.4,-0.5027027027027029,7.85,-0.08545945945945949
2014-08-09,4,11.9,40.9,1,23313.53315,146.15,9.77,-1.0451612903225806,8.69,-0.1567741935483871
2014-08-09,5,11.85,40.9,0,23313.53315,146.15,9.06,-0.48813559322033906,7.62,-0.07566101694915256
2014-08-09,6,11.85,40.9,1,23313.53315,146.15,9.93,-0.03448275862068954,9.83,-0.00586206896551722
2014-08-09,7,11.7,40.9,0,23313.53315,146.15,9.5,-0.5467455621301774,7.96,-0.09021301775147927
2014-08-09,8,11.9,40.9,1,23313.53315,146.15,9.08,-0.14181818181818204,8.69,-0.02410909090909094
2014-08-09,9,11.9,40.9,1,23313.53315,146.15,8.96,-0.22592592592592636,8.35,-0.03840740740740748
2014-08-09,10,12,40.9,1,23313.53315,146.15,9.24,-0.3210191082802547,8.4,-0.04494267515923566
2014-08-19,1,9.8,528.1,0,40472.489,601.45,11.46,-0.37541899441340815,10.34,-0.07883798882681571
2014-08-19,2,9.6,528.1,1,40472.489,601.45,11.4,0.7173184357541895,13.54,0.15422346368715076
2014-08-19,3,9.45,528.1,0,40472.489,601.45,11.4,-0.2547486033519552,10.64,-0.04840223463687149
2014-08-19,4,9.5,528.1,1,40472.489,601.45,11.53,0.7575418994413406,13.79,0.16287150837988826
2014-08-19,5,9.35,528.1,0,40472.489,601.45,11.4,-0.30000000000000016,10.51,-0.06750000000000003
2014-08-19,6,9.7,528.1,1,40472.489,601.45,11.2,0.6606741573033711,13.16,0.12883146067415738
2014-08-19,7,9.35,528.1,0,40472.489,601.45,11.47,-0.33184357541899445,10.48,-0.06968715083798883
2014-08-19,8,9.55,528.1,1,40472.489,601.45,11.4,0.8426966292134831,13.9,0.1601123595505618
2014-08-19,9,10.05,528.1,1,40472.489,601.45,11.15,1.035754189944134,14.24,0.18643575418994413
2014-08-19,10,10,528.1,1,40472.489,601.45,11.21,0.5664804469273741,12.9,0.11046368715083794
2015-05-29,1,7.1,224,0,8078.769231,347.5,11.6,-0.222222222222222,10.9,-0.05333333333333329
2015-05-29,2,7.05,224,1,8078.769231,347.5,11.45,1.097326203208556,14.87,0.20300534759358285
2015-05-29,3,7.1,224,0,8078.769231,347.5,11.31,-0.08108108108108107,11.06,-0.01743243243243243
2015-05-29,4,7.1,224,1,8078.769231,347.5,11.59,1.001086956521739,14.66,0.20021739130434785
2015-05-29,5,7.3,224,0,8078.769231,347.5,11.33,-0.18360655737704937,10.77,-0.0431475409836066
2015-05-29,6,7.25,224,1,8078.769231,347.5,11.47,0.9147540983606556,14.26,0.1875245901639344
2015-05-29,7,7.05,224,0,8078.769231,347.5,11.55,-0.14175824175824225,11.12,-0.02764285714285724
2015-05-29,8,7.1,224,1,8078.769231,347.5,11.54,1.5016574585635365,16.07,0.30033149171270723
2015-05-29,9,7.15,224,1,8078.769231,347.5,11.6,1.3240223463687155,15.55,0.26480446927374307
2015-05-29,10,7.300000000000001,224,1,8078.769231,347.5,11.68,0.9525000000000003,14.22,0.2047875000000001
2015-06-04,1,7.35,144.5,0,31115.025,270,13.05,-0.08983957219251373,12.77,-0.02245989304812843
2015-06-04,2,7.25,144.5,1,31115.025,270,13.06,0.7347593582887698,15.35,0.15429946524064164
2015-06-04,3,7.300000000000001,144.5,0,31115.025,270,13.24,-0.27096774193548384,12.4,-0.05012903225806451
2015-06-04,4,7.1,144.5,1,31115.025,270,13.2,0.6745945945945946,15.28,0.15515675675675675
2015-06-04,5,7.25,144.5,0,31115.025,270,13.33,-0.18913043478260871,12.75,-0.03877173913043479
2015-06-04,6,7.05,144.5,1,31115.025,270,13.28,0.8866666666666667,15.94,0.1729
2015-06-04,7,7.25,144.5,0,31115.025,270,13.07,-0.20552486187845337,12.45,-0.04727071823204427
2015-06-04,8,7.1,144.5,1,31115.025,270,13.36,0.8513966480446931,15.9,0.1702793296089386
2015-06-04,9,7.7,144.5,1,31115.025,270,13.09,0.8949720670391061,15.76,0.1789944134078212
2015-06-04,10,7.75,144.5,1,31115.025,270,13.55,0.9370786516853924,16.33,0.16867415730337065
2015-06-11,1,6.85,155,0,2391.578947,250,11.48,-0.19761904761904764,10.65,-0.03458333333333333
2015-06-11,2,6.9,155,1,2391.578947,250,11.66,0.95,15.65,0.16625
2015-06-11,3,6.85,155,0,2391.578947,250,11.49,-0.14523809523809508,10.88,-0.02904761904761901
2015-06-11,4,7,155,1,2391.578947,250,11.47,0.8428571428571426,15.01,0.1559285714285714
2015-06-11,5,6.9,155,0,2391.578947,250,11.54,-0.09960474308300392,11.12,-0.01643478260869564
2015-06-11,6,6.9,155,1,2391.578947,250,11.64,1.0346456692913384,16.02,0.16037007874015746
2015-06-11,7,6.85,155,0,2391.578947,250,11.49,-0.11999999999999995,10.98,-0.02459999999999999
2015-06-11,8,6.85,155,1,2391.578947,250,11.49,0.8447058823529412,15.08,0.16049411764705884
2015-06-11,9,6.699999999999999,155,1,2391.578947,250,11.64,0.8085937499999999,15.09,0.16171874999999997
2015-06-11,10,6.75,155,1,2391.578947,250,11.8,0.987548638132296,16.03,0.18269649805447472
2015-06-18,1,11.4,176.125,0,24606.41875,276,12.58,-0.4424242424242427,11.12,-0.07521212121212126
2015-06-18,2,11.6,176.125,1,24606.41875,276,12.76,0.965482233502538,15.93,0.17378680203045685
2015-06-18,3,11.35,176.125,0,24606.41875,276,12.39,-0.26363636363636395,11.52,-0.05009090909090915
2015-06-18,4,11.5,176.125,1,24606.41875,276,12.62,0.9807106598984774,15.84,0.1863350253807107
2015-06-18,5,11.25,176.125,0,24606.41875,276,12.53,-0.2071065989847715,11.85,-0.04245685279187816
2015-06-18,6,11.6,176.125,1,24606.41875,276,12.54,0.6878787878787883,14.81,0.14445454545454553
2015-06-18,7,11.5,176.125,0,24606.41875,276,12.42,-0.213197969543147,11.72,-0.03411167512690351
2015-06-18,8,11.5,176.125,1,24606.41875,276,12.6,-0.6336734693877552,10.53,-0.1045561224489796
2015-06-18,9,11.7,176.125,1,24606.41875,276,12.96,1.1910447761194023,16.95,0.16674626865671635
2015-06-25,1,15.6,234.6,0,79593.7,450.11,12.76,-0.4082474226804125,11.44,-0.06736082474226807
2015-06-25,2,15.4,234.6,1,79593.7,450.11,12.7,1.3005235602094245,16.84,0.21458638743455505
2015-06-25,3,15.6,234.6,0,79593.7,450.11,12.52,-0.234375,11.77,-0.04453125
2015-06-25,4,16.05,234.6,1,79593.7,450.11,12.44,1.6994764397905766,17.85,0.3144031413612567
2015-06-25,5,16.15,234.6,0,79593.7,450.11,12.58,-0.3523809523809522,11.47,-0.06166666666666663
2015-06-25,6,15.75,234.6,1,79593.7,450.11,12.72,2.1786096256684493,19.51,0.33768449197860967
2015-06-25,7,15.85,234.6,0,79593.7,450.11,12.32,-0.5037433155080214,10.75,-0.09067379679144386
2015-06-25,8,17.4,234.6,1,79593.7,450.11,12.41,1.761290322580645,17.87,0.2201612903225807
2015-06-25,9,17.05,234.6,1,79593.7,450.11,12.3,1.9556756756756748,18.33,0.312908108108108
2015-06-25,10,16.3,234.6,1,79593.7,450.11,12.26,2.0869565217391304,18.66,0.3026086956521739
2015-07-02,1,9.7,142.515,0,22917.2,219.65,10.83,-0.2829015544041451,9.92,-0.04526424870466322
2015-07-02,2,9.65,142.515,1,22917.2,219.65,10.74,0.1865284974093263,11.34,0.03170984455958547
2015-07-02,3,9.7,142.515,0,22917.2,219.65,10.72,-0.21702127659574516,10.04,-0.03580851063829795
2015-07-02,4,9.7,142.515,1,22917.2,219.65,10.61,0.596825396825397,12.49,0.09549206349206352
2015-07-02,5,9.7,142.515,0,22917.2,219.65,10.69,-0.19365079365079343,10.08,-0.02517460317460315
2015-07-02,6,9.75,142.515,1,22917.2,219.65,10.73,0.3786096256684491,11.91,0.06057754010695185
2015-07-02,7,9.65,142.515,0,22917.2,219.65,10.85,-0.2529729729729728,10.07,-0.04553513513513509
2015-07-02,8,9.7,142.515,1,22917.2,219.65,10.68,0.26270270270270285,11.49,0.0472864864864865
2015-07-02,9,9.7,142.515,1,22917.2,219.65,10.22,0.41189189189189174,11.49,0.06178378378378376
2015-07-02,10,9.65,142.515,1,22917.2,219.65,11.07,0.6989010989010986,13.19,0.1048351648351648
2015-07-11,1,10.1,151.31,0,825.8461538,198.16,10.71,-0.078534031413612565,10.46,-0.01060209424083769
2015-07-11,2,9.9,151.31,1,825.8461538,198.16,10.71,0.333333333333333,11.76,0.04333333333333328
2015-07-11,3,10.05,151.31,0,825.8461538,198.16,10.83,0.04171122994652431,10.96,0.00855080213903748
2015-07-11,4,9.9,151.31,1,825.8461538,198.16,11.21,0.1129032258064515,11.56,0.02427419354838707
2015-07-11,5,10.25,151.31,0,825.8461538,198.16,11.06,-0.0360655737704922,10.95,-0.00613114754098367
2015-07-11,6,9.95,151.31,1,825.8461538,198.16,11,0.21546961325966865,11.65,0.037707182320442
2015-07-11,7,10.75,151.31,0,825.8461538,198.16,10.98,-0.03687150837988867,10.87,-0.00608379888268163
2015-07-11,8,10.7,151.31,1,825.8461538,198.16,10.65,0.3491525423728811,11.68,0.05237288135593217
2015-07-11,9,10.25,151.31,1,825.8461538,198.16,10.81,0.24406779661016909,11.53,0.03294915254237283
2015-07-11,10,10.5,151.31,1,825.8461538,198.16,10.8,0.3497142857142856,11.82,0.05770285714285712
2015-07-20,1,7.949999999999999,116.75,0,3620.571429,173.45,10.59,-0.04516129032258083,10.45,-0.00835483870967745
2015-07-20,2,7.8,116.75,1,3620.571429,173.45,10.66,0.2935483870967742,11.57,0.04990322580645162
2015-07-20,3,7.8,116.75,0,3620.571429,173.45,10.65,0.03260869565217379,10.75,0.00505434782608693
2015-07-20,4,7.75,116.75,1,3620.571429,173.45,10.63,0.3065934065934065,11.56,0.0567197802197802
2015-07-20,5,7.949999999999999,116.75,0,3620.571429,173.45,10.55,-0.17377049180327908,10.02,-0.03127868852459024
2015-07-20,6,7.7,116.75,1,3620.571429,173.45,10.55,0.28176795580110486,11.4,0.04508287292817678
2015-07-20,7,7.65,116.75,0,3620.571429,173.45,10.68,-0.03666666666666648,10.57,-0.00659999999999996
2015-07-20,8,7.6,116.75,1,3620.571429,173.45,10.12,0.2566666666666671,10.89,0.0436333333333334
2015-07-20,9,7.7,116.75,1,3620.571429,173.45,10.69,0.2849162011173183,11.54,0.04416201117318433
2015-07-20,10,7.65,116.75,1,3620.571429,173.45,10.75,0.21573033707865183,11.39,0.03883146067415733
2015-07-29,1,12.4,65.465,0,9619.692308,623.1500000000001,11.92,-0.31475409836065543,10.96,-0.05193442622950815
2015-07-29,2,12.15,65.465,1,9619.692308,623.1500000000001,11.77,0.07252747252747274,11.99,0.01269230769230773
2015-07-29,3,12.1,65.465,0,9619.692308,623.1500000000001,11.92,-0.2538461538461537,11.15,-0.04569230769230767
2015-07-29,4,12.05,65.465,1,9619.692308,623.1500000000001,11.6,0.1450549450549449,12.04,0.02103296703296701
2015-07-29,5,11.9,65.465,0,9619.692308,623.1500000000001,11.63,-0.24262295081967225,10.89,-0.03760655737704919
2015-07-29,6,12.1,65.465,1,9619.692308,623.1500000000001,11.96,0.18131868131868095,12.51,0.03354395604395598
2015-07-29,7,12,65.465,0,9619.692308,623.1500000000001,11.65,-0.451648351648352,10.28,-0.05419780219780223
2015-07-29,8,12.45,65.465,1,9619.692308,623.1500000000001,11.87,0.00659340659340703,11.89,0.0012197802197803
2015-07-29,9,11.9,65.465,1,9619.692308,623.1500000000001,11.63,-0.18032786885245927,11.08,-0.02614754098360659
2015-07-29,10,12.1,65.465,1,9619.692308,623.1500000000001,11.93,-0.4754098360655736,10.48,-0.09032786885245896
2015-08-07,1,11.25,80.41499999999999,0,3804,402.9,10.62,-0.14366197183098586,10.11,-0.02442253521126759
2015-08-07,2,10.75,80.41499999999999,1,3804,402.9,10.84,0.4338028169014087,12.38,0.07374647887323948
2015-08-07,3,11.05,80.41499999999999,0,3804,402.9,10.49,-0.190521327014218,9.82,-0.02762559241706161
2015-08-07,4,10.95,80.41499999999999,1,3804,402.9,10.74,0.1819905213270144,11.38,0.0354881516587678
2015-08-07,5,11.2,80.41499999999999,0,3804,402.9,10.89,-0.15428571428571455,10.35,-0.02391428571428575
2015-08-07,6,11.15,80.41499999999999,1,3804,402.9,11.03,0.21611374407582937,11.79,0.03673933649289099
2015-08-07,7,10.85,80.41499999999999,0,3804,402.9,10.35,-0.07999999999999982,10.07,-0.01359999999999997
2015-08-07,8,11,80.41499999999999,1,3804,402.9,10.84,0.5028571428571428,12.6,0.08045714285714284
2015-08-07,9,11.1,80.41499999999999,1,3804,402.9,10.13,0.18660287081339672,10.78,0.03172248803827744
2015-08-07,10,11.45,80.41499999999999,1,3804,402.9,10.31,-0.0346153846153849,10.19,-0.00519230769230773
2016-05-29,1,13.7,393,0,32240.2133,553,12.56,-0.09944751381215491,12.26,-0.01591160220994478
2016-05-29,2,13.05,393,1,32240.2133,553,12.48,0.8066666666666666,14.9,0.14116666666666666
2016-05-29,3,13,393,0,32240.2133,553,12.45,-0.0966666666666664,12.16,-0.01594999999999995
2016-05-29,4,13.3,393,1,32240.2133,553,12.46,0.6999999999999998,14.56,0.11199999999999996
2016-05-29,5,13.15,393,1,32240.2133,553,12.42,0.7559322033898306,14.65,0.11716949152542376
2016-06-05,1,16.75,490,0,2560.4444,NA,12.57,-0.4465116279069766,10.97,-0.08037209302325579
2016-06-05,2,16.85,490,1,2560.4444,NA,12.2,1.236111111111111,16.65,0.21631944444444445
2016-06-05,3,16.799999999999997,490,0,2560.4444,NA,12.11,-0.5263636363636363,10.18,-0.09737727272727272
2016-06-05,4,16.6,490,1,2560.4444,NA,11.98,0.5041095890410958,13.82,0.07561643835616437
2016-06-05,5,16.7,490,0,2560.4444,NA,12.17,-0.6081447963800906,9.93,-0.10642533936651584
2016-06-05,6,16.6,490,1,2560.4444,NA,12.09,0.7315068493150685,14.76,0.138986301369863
2016-06-05,7,16.85,490,0,2560.4444,NA,12.06,-0.5513513513513516,10.02,-0.10200000000000004
2016-06-05,8,16.6,490,1,2560.4444,NA,12.12,0.8724770642201835,15.29,0.14832110091743117
2016-06-05,9,17.1,490,1,2560.4444,NA,11.46,-0.2682027649769587,10.49,-0.04559447004608298
2016-06-05,10,16.85,490,1,2560.4444,NA,11.69,0.33577981651376165,12.91,0.05204587155963305
2016-06-11,1,17.1,345,0,41261.08421,417.5,11.67,-0.3909502262443438,10.23,-0.07819004524886876
2016-06-11,2,17.05,345,1,41261.08421,417.5,11.75,0.881081081081081,15.01,0.14097297297297295
2016-06-11,3,16.95,345,0,41261.08421,417.5,11.57,-0.3828054298642535,10.16,-0.05933484162895929
2016-06-11,4,16.9,345,1,41261.08421,417.5,11.74,0.47837837837837827,13.51,0.1076351351351351
2016-06-11,5,16.9,345,0,41261.08421,417.5,11.87,-0.2769230769230768,10.85,-0.06784615384615382
2016-06-11,6,16.85,345,1,41261.08421,417.5,11.53,0.6787330316742082,14.03,0.1085972850678733
2016-06-11,7,16.85,345,0,41261.08421,417.5,11.32,-0.4009090909090911,9.85,-0.08218636363636367
2016-06-11,8,16.85,345,1,41261.08421,417.5,11.86,0.8767123287671236,15.06,0.18410958904109595
2016-06-11,9,17.1,345,1,41261.08421,417.5,11.69,0.8809090909090911,14.92,0.1673727272727273
2016-06-11,10,16.950000000000003,345,1,41261.08421,417.5,11.46,1.013698630136986,15.16,0.17232876712328765
2016-06-22,1,17.1,957.65,0,49686.45,1335,10.64,-0.4974093264248709,9.04,-0.07958549222797934
2016-06-22,2,16.25,957.65,1,49686.45,1335,10.71,0.7958549222797923,13.27,0.15121243523316052
2016-06-22,3,16.85,957.65,0,49686.45,1335,10.79,-0.29072164948453594,9.85,-0.06105154639175254
2016-06-22,4,15.95,957.65,1,49686.45,1335,10.78,0.8500000000000002,13.5,0.15300000000000005
2016-06-22,5,16.950000000000003,957.65,0,49686.45,1335,10.4,-0.29844559585492253,9.44,-0.05670466321243528
2016-06-22,6,16.35,957.65,1,49686.45,1335,10.3,0.5560209424083769,12.07,0.09174345549738218
2016-06-22,7,16.55,957.65,0,49686.45,1335,10.76,-0.234375,10.01,-0.0515625
2016-06-22,8,16.1,957.65,1,49686.45,1335,10.64,0.2749999999999997,11.52,0.05499999999999994
2016-06-22,9,16.9,957.65,1,49686.45,1335,10.56,0.2082901554404145,11.23,0.03957512953367875
2016-06-22,10,16.7,957.65,1,49686.45,1335,10.56,0.7968749999999997,13.11,0.15140624999999994
2016-07-05,1,14.65,920.6,0,105056.2688,1267.65,10.12,-0.5533333333333328,8.46,-0.09129999999999992
2016-07-05,2,14.05,920.6,1,105056.2688,1267.65,10.09,1.1561797752808989,13.52,0.2832640449438202
2016-07-05,3,13.35,920.6,0,105056.2688,1267.65,9.59,-0.6271186440677965,7.74,-0.11288135593220336
2016-07-05,4,13.5,920.6,1,105056.2688,1267.65,9.84,1.520454545454546,14.3,0.2888863636363637
2016-07-05,5,13.35,920.6,0,105056.2688,1267.65,9.85,-0.4881355932203388,8.41,-0.09762711864406776
2016-07-05,6,13.85,920.6,1,105056.2688,1267.65,9.94,1.390909090909091,14.02,0.27122727272727276
2016-07-05,7,13.85,920.6,0,105056.2688,1267.65,9.44,-0.6579545454545455,7.51,-0.12501136363636364
2016-07-05,8,13.55,920.6,1,105056.2688,1267.65,9.75,1.501714285714286,14.13,0.29283428571428577
2016-07-05,9,14.65,920.6,1,105056.2688,1267.65,9.89,0.14576271186440667,10.32,0.03206779661016947
2016-07-05,10,14.05,920.6,1,105056.2688,1267.65,9.97,1.552542372881356,14.55,0.3337966101694915
2016-07-18,1,15.45,952,0,82667.20714,1259,11.63,-1.4670731707317075,7.62,-0.2494024390243903
2016-07-18,2,15.85,952,1,82667.20714,1259,11.66,3.143558282208589,20.2,0.6601472392638036
2016-07-18,3,15.15,952,0,82667.20714,1259,11.53,-1.579141104294478,7.24,-0.21318404907975452
2016-07-18,4,15.2,952,1,82667.20714,1259,11.82,2.797546012269939,19.42,0.5734969325153375
2016-07-18,5,15.15,952,0,82667.20714,1259,11.68,-0.6110429447852761,10.02,-0.10693251533742332
2016-07-18,6,15.25,952,1,82667.20714,1259,11.52,2.344444444444445,17.85,0.43372222222222234
2016-07-18,7,14.95,952,0,82667.20714,1259,11.4,-0.5776397515527953,9.85,-0.10397515527950316
2016-07-18,8,15.05,952,1,82667.20714,1259,11.44,1.7031055900621126,16.01,0.4853850931677021
2016-07-18,9,15.2,952,1,82667.20714,1259,11.57,3.1692307692307686,19.81,0.5229230769230768
2016-07-18,10,15.2,952,1,82667.20714,1259,11.4,2.376923076923076,17.58,0.4397307692307691
2016-08-02,1,12.8,402.65,0,NA,528,12.19,-0.3741935483870968,11.03,-0.06548387096774194
2016-08-02,2,12.95,402.65,1,NA,528,11.97,1.12258064516129,15.45,0.19645161290322577
2016-08-02,3,12.45,402.65,0,NA,528,12.15,-0.2951351351351352,11.24,-0.05460000000000001
2016-08-02,4,12.75,402.65,1,NA,528,12.15,1.1741935483870964,15.79,0.1937419354838709
2016-08-02,5,12.35,402.65,0,NA,528,12.12,-0.2645161290322576,11.3,-0.0542258064516128
2016-08-02,6,12.75,402.65,1,NA,528,12.03,0.6378947368421057,14.05,0.1116315789473685
2016-08-02,7,12.55,402.65,0,NA,528,12.28,-0.21157894736842103,11.61,-0.04548947368421052
2016-08-02,8,12.3,402.65,1,NA,528,12.3,0.926984126984127,15.22,0.1993015873015873
2016-08-02,9,12.85,402.65,1,NA,528,11.99,0.333333333333333,13.04,0.0799999999999999
2016-08-02,10,12.9,402.65,1,NA,528,12.4,1.4218749999999996,16.95,0.2772656249999999
2016-08-17,1,13.35,266,0,46844.76,417,11.03,-0.2085714285714282,10.3,-0.03754285714285707
2016-08-17,2,13.2,266,1,46844.76,417,9.82,0.648803827751196,12.08,0.08758851674641147
2016-08-17,3,13.15,266,0,46844.76,417,10.86,-0.19142857142857145,10.19,-0.02967142857142857
2016-08-17,4,13.25,266,1,46844.76,417,11.16,1.1397129186602872,15.13,0.1937511961722488
2016-08-17,5,13.35,266,0,46844.76,417,10.96,-0.2711538461538465,10.02,-0.04609615384615391
2016-08-17,6,13.1,266,1,46844.76,417,11.46,0.7631067961165047,14.08,0.17169902912621357
2016-08-17,7,13.15,266,0,46844.76,417,11.37,-0.27058823529411763,10.45,-0.05005882352941177
2016-08-17,8,13,266,1,46844.76,417,11.28,0.9458128078817736,14.48,0.1655172413793104
2016-08-17,9,13,266,1,46844.76,417,11.39,0.3251231527093595,12.49,0.07477832512315268
2016-08-17,10,13.35,266,1,46844.76,417,11.62,0.9192118226600988,14.73,0.17005418719211832
2017-05-24,1,10.4,205.5,0,51552.18333,270,12.38,-0.2724324324324329,11.54,-0.05993513513513524
2017-05-24,2,10.4,205.5,1,51552.18333,270,12.28,2.216129032258064,19.15,0.4653870967741935
2017-05-24,3,10.3,205.5,0,51552.18333,270,12.22,-0.267741935483871,11.39,-0.05890322580645162
2017-05-24,4,10.35,205.5,1,51552.18333,270,12.12,1.0436170212765965,15.39,0.2556861702127661
2017-05-24,5,10.35,205.5,0,51552.18333,270,12.26,-0.3593582887700532,11.14,-0.08085561497326196
2017-05-24,6,10.35,205.5,1,51552.18333,270,12.23,1.506382978723404,16.95,0.3012765957446808
2017-05-24,7,10.35,205.5,0,51552.18333,270,12.25,-0.2793650793650796,11.37,-0.05866666666666671
2017-05-24,8,10.35,205.5,1,51552.18333,270,12.18,1.5915789473684208,17.22,0.2785263157894736
2017-05-24,9,10.4,205.5,1,51552.18333,270,12.06,1.6000000000000003,17.1,0.28800000000000003
2017-05-24,10,10.35,205.5,1,51552.18333,270,12.24,1.5063829787234044,16.96,0.3088085106382979
2017-06-08,1,7.949999999999999,227.5,0,43400.28333,300,12.24,-0.17790697674418596,11.73,-0.04180813953488369
2017-06-08,2,8,227.5,1,43400.28333,300,12.2,0.9715909090909096,15.05,0.19917613636363649
2017-06-08,3,7.949999999999999,227.5,0,43400.28333,300,12.19,-0.19285714285714256,11.65,-0.04049999999999994
2017-06-08,4,7.95,227.5,1,43400.28333,300,12.77,1.1476744186046508,16.06,0.2582267441860464
2017-06-08,5,8,227.5,0,43400.28333,300,12.46,-0.09090909090909093,12.21,-0.02045454545454545
2017-06-08,6,7.95,227.5,1,43400.28333,300,11.73,0.6177514792899409,13.47,0.12355029585798816
2017-06-08,7,7.949999999999999,227.5,0,43400.28333,300,12.39,-0.01481481481481515,12.35,-0.00414814814814824
2017-06-08,8,8.100000000000001,227.5,1,43400.28333,300,12.28,0.797604790419162,14.5,0.1994011976047905
2017-06-08,9,8.2,227.5,1,43400.28333,300,12.27,0.5532934131736531,13.81,0.11619161676646717
2017-06-08,10,8.15,227.5,1,43400.28333,300,12.24,0.7616766467065865,14.36,0.1751856287425149
2017-06-16,1,11.55,224.5,0,3826.285714,367.5,11.97,-0.3043902439024393,10.93,-0.07457560975609763
2017-06-16,2,11.3,224.5,1,3826.285714,367.5,12,0.5911764705882352,14.01,0.13005882352941175
2017-06-16,3,11.45,224.5,0,3826.285714,367.5,12.58,-0.2940594059405941,11.59,-0.04999009900990099
2017-06-16,4,11.3,224.5,1,3826.285714,367.5,11.85,0.053731343283582,12.03,0.00779104477611939
2017-06-16,5,11.25,224.5,0,3826.285714,367.5,11.97,-0.22121212121212136,11.24,-0.03760606060606063
2017-06-16,6,11.2,224.5,1,3826.285714,367.5,12.19,0.36482412060301533,13.4,0.08208542713567844
2017-06-16,7,11.15,224.5,0,3826.285714,367.5,12.1,-0.20201005025125623,11.43,-0.0373718592964824
2017-06-16,8,11.35,224.5,1,3826.285714,367.5,12.34,0.8204081632653061,15.02,0.12716326530612243
2017-06-16,9,11.4,224.5,1,3826.285714,367.5,12.34,1.4328358208955223,17.14,0.27223880597014927
2017-06-16,10,11.35,224.5,1,3826.285714,367.5,12.21,0.8666666666666666,15.07,0.20799999999999996
2017-06-25,1,11.35,890.45,0,99397.49286,1162.5,10.96,-0.24852071005917195,10.26,-0.04721893491124267
2017-06-25,2,11,890.45,1,99397.49286,1162.5,11.45,1.3445783132530122,15.17,0.20168674698795183
2017-06-25,3,10.85,890.45,0,99397.49286,1162.5,11.53,-0.05357142857142807,11.38,-0.00883928571428563
2017-06-25,4,10.75,890.45,1,99397.49286,1162.5,11.58,0.6917647058823526,13.54,0.11414117647058818
2017-06-25,5,11,890.45,0,99397.49286,1162.5,11.64,-0.09397590361445776,11.38,-0.01456626506024095
2017-06-25,6,11.2,890.45,1,99397.49286,1162.5,11.32,0.5746987951807229,12.91,0.09769879518072289
2017-06-25,7,11,890.45,0,99397.49286,1162.5,11.32,0.4259259259259261,12.47,0.10861111111111114
2017-06-25,8,10.85,890.45,1,99397.49286,1162.5,11.64,0.661818181818182,13.46,0.12574545454545458
2017-06-25,9,10.95,890.45,1,99397.49286,1162.5,11.6,0.8036363636363639,13.81,0.13661818181818186
2017-06-25,10,10.9,890.45,1,99397.49286,1162.5,11.15,0.49454545454545434,12.51,0.07665454545454542
2017-07-05,1,15.6,535,0,53415.73846,670,12.12,-0.19999999999999984,11.51,-0.03399999999999997
2017-07-05,2,15.45,535,1,53415.73846,670,12.38,1.473015873015873,17.02,0.22831746031746025
2017-07-05,3,15.45,535,0,53415.73846,670,11.83,-0.07173913043478282,11.61,-0.01363043478260873
2017-07-05,4,15.65,535,1,53415.73846,670,11.56,0.2074468085106384,12.21,0.04460106382978725
2017-07-05,5,15.6,535,0,53415.73846,670,11.66,-0.06557377049180305,11.46,-0.01409836065573765
2017-07-05,6,15.75,535,1,53415.73846,670,12.45,0.8761904761904767,15.21,0.14457142857142866
2017-07-05,7,15.1,535,0,53415.73846,670,12.08,-0.1756906077348064,11.55,-0.03250276243093918
2017-07-05,8,15.35,535,1,53415.73846,670,12.21,0.9492063492063488,15.2,0.14712698412698405
2017-07-05,9,15.25,535,1,53415.73846,670,12.29,1.3916230366492146,16.72,0.2296178010471204
2017-07-05,10,15.9,535,1,53415.73846,670,11.55,0.1656249999999998,12.08,0.02318749999999997
2017-07-17,1,15.8,393.7,0,40300.26667,515.3499999999999,11.04,-0.23406593406593376,10.33,-0.04564285714285709
2017-07-17,2,15.5,393.7,1,40300.26667,515.3499999999999,11,0.7436170212765958,13.33,0.13385106382978726
2017-07-17,3,15.35,393.7,0,40300.26667,515.3499999999999,11.36,-0.2917127071823201,10.48,-0.05688397790055242
2017-07-17,4,15.55,393.7,1,40300.26667,515.3499999999999,10.74,0.6957446808510638,12.92,0.11479787234042552
2017-07-17,5,15.45,393.7,0,40300.26667,515.3499999999999,10.89,-0.3049723756906077,9.97,-0.04574585635359116
2017-07-17,6,15.6,393.7,1,40300.26667,515.3499999999999,10.61,0.6670212765957446,12.7,0.12339893617021276
2017-07-17,7,14.95,393.7,0,40300.26667,515.3499999999999,10.85,-0.1351648351648352,10.44,-0.02432967032967033
2017-07-17,8,15.05,393.7,1,40300.26667,515.3499999999999,10.93,0.7308510638297875,13.22,0.13520744680851068
2017-07-17,9,14.95,393.7,1,40300.26667,515.3499999999999,10.87,1.0819148936170215,14.26,0.16228723404255324
2017-07-17,10,15.4,393.7,1,40300.26667,515.3499999999999,10.54,0.7978723404255319,13.04,0.1396276595744681
2017-07-24,1,20.6,950,0,126819.03,NA,10.98,-0.5653179190751448,9.35,-0.12493526011560702
2017-07-24,2,20.65,950,1,126819.03,NA,10.7,0.8811428571428573,13.27,0.15860571428571432
2017-07-24,3,20.549999999999997,950,0,126819.03,NA,11.28,-0.37499999999999967,10.23,-0.09112499999999991
2017-07-24,4,20.85,950,1,126819.03,NA,10.72,0.04457142857142823,10.85,0.00891428571428564
2017-07-24,5,21.65,950,0,126819.03,NA,11.53,0.34792899408284034,12.51,0.07967573964497043
2017-07-24,6,20.6,950,1,126819.03,NA,10.43,0.2758620689655175,11.23,0.05268965517241384
2017-07-24,7,20,950,0,126819.03,NA,10.86,-0.31976047904191574,9.97,-0.06331257485029931
2017-07-24,8,20.4,950,1,126819.03,NA,11.39,1.141714285714286,14.72,0.2020834285714286
2017-07-24,9,20.6,950,1,126819.03,NA,11.46,1.1011363636363634,14.69,0.23564318181818172
2017-07-24,10,21.8,950,1,126819.03,NA,11.74,1.064406779661017,14.88,0.2394915254237288
2017-08-02,1,13.1,710,0,141715.2,925,12.44,-0.11944444444444435,12.01,-0.02627777777777776
2017-08-02,2,12.6,710,1,141715.2,925,12.32,1.167713004484305,16.66,0.2685739910313901
2017-08-02,3,12.65,710,0,141715.2,925,12.15,-0.1805555555555557,11.5,-0.0415277777777778
2017-08-02,4,12.75,710,1,141715.2,925,11.65,0.3937499999999997,13.12,0.07481249999999995
2017-08-02,5,12.8,710,0,141715.2,925,12.37,0,12.37,0
2017-08-02,6,12.65,710,1,141715.2,925,12.31,1.32914798206278,17.25,0.2259551569506726
2017-08-02,7,12.45,710,0,141715.2,925,12.35,-0.11267605633802828,11.95,-0.0259154929577465
2017-08-02,8,12.6,710,1,141715.2,925,12.08,0.5383928571428571,14.09,0.11844642857142856
2017-08-02,9,12.6,710,1,141715.2,925,12.5,1.1306666666666665,16.74,0.22613333333333327
2017-08-02,10,13,710,1,141715.2,925,12.27,1.2106194690265484,16.83,0.2058053097345132
2017-08-20,1,10,248.5,0,37075,331.5,11.18,-0.11186440677966104,10.85,-0.01789830508474576
2017-08-20,2,9.7,248.5,1,37075,331.5,10.96,0.05837837837837828,11.14,0.013427027027027
2017-08-20,3,9.7,248.5,0,37075,331.5,11.03,-0.06033519553072616,10.85,-0.01448044692737427
2017-08-20,4,9.7,248.5,1,37075,331.5,10.7,0.39782608695652194,11.92,0.06365217391304351
2017-08-20,5,9.7,248.5,0,37075,331.5,11.54,-0.06101694915254227,11.36,-0.01128813559322032
2017-08-20,6,9.8,248.5,1,37075,331.5,11.13,0.3725274725274722,12.26,0.07264285714285708
2017-08-20,7,9.65,248.5,0,37075,331.5,11.21,-0.17727272727272775,10.69,-0.03013636363636371
2017-08-20,8,9.65,248.5,1,37075,331.5,11.43,0.6989010989010993,13.55,0.14327472527472537
2017-08-20,9,9.7,248.5,1,37075,331.5,11.12,0.45745856353591186,12.5,0.08234254143646413
2017-08-20,10,9.85,248.5,1,37075,331.5,11.56,0.820879120879121,14.05,0.1600714285714286
2018-06-04,1,15.4,510,0,102994.7848,625,11.6,-0.3564356435643562,10.4,-0.07841584158415836
2018-06-04,2,15.1,510,1,102994.7848,625,11.67,1.626470588235294,17.2,0.2846323529411764
2018-06-04,3,15.05,510,0,102994.7848,625,11.82,-0.38529411764705895,10.51,-0.06087647058823532
2018-06-04,4,15.4,510,1,102994.7848,625,11.96,1.1652173913043475,15.98,0.18177391304347823
2018-06-04,5,15.9,510,0,102994.7848,625,11.71,-0.16969696969696985,11.15,-0.03852121212121215
2018-06-04,6,15.85,510,1,102994.7848,625,11.84,1.4453201970443352,16.73,0.3338689655172415
2018-06-04,7,15.5,510,0,102994.7848,625,11.66,-0.4422680412371134,10.23,-0.07120515463917525
2018-06-04,8,15.35,510,1,102994.7848,625,11.82,1.2299999999999998,15.92,0.2152499999999999
2018-06-04,9,15.55,510,1,102994.7848,625,11.49,0.9678391959798992,14.7,0.15969346733668335
2018-06-04,10,16.25,510,1,102994.7848,625,11.65,1.117766497461929,15.32,0.2626751269035533
2018-06-11,1,16.2,627.5,0,60920.51081,718,10.25,-0.26301369863013724,9.29,-0.05523287671232882
2018-06-11,2,16.15,627.5,1,60920.51081,718,10.52,1.0123348017621143,14.35,0.1872819383259912
2018-06-11,3,16.35,627.5,0,60920.51081,718,10.48,-0.11267605633802828,10.08,-0.02366197183098593
2018-06-11,4,16.45,627.5,1,60920.51081,718,10.43,0.7426008968609865,13.19,0.1336681614349776
2018-06-11,5,17.1,627.5,0,60920.51081,718,10.32,-0.10334928229665057,9.96,-0.02118660287081336
2018-06-11,6,15.9,627.5,1,60920.51081,718,10.26,0.7321100917431194,12.92,0.14276146788990826
2018-06-11,7,16.2,627.5,0,60920.51081,718,10.41,-0.1752475247524752,9.82,-0.03154455445544554
2018-06-11,8,16.6,627.5,1,60920.51081,718,10.32,0.7772727272727272,13.17,0.1593409090909091
2018-06-11,9,16.75,627.5,1,60920.51081,718,10.21,0.9910714285714284,13.91,0.17343749999999997
2018-06-11,10,17.2,627.5,1,60920.51081,718,10.07,0.7756756756756754,12.94,0.14349999999999993
2018-06-23,1,14.45,532,0,64993.53103,639,11.21,-0.06769230769230788,10.99,-0.01658461538461543
2018-06-23,2,13.95,532,1,64993.53103,639,11.06,0.10055865921787674,11.36,0.01910614525139658
2018-06-23,3,13.7,532,0,64993.53103,639,11.48,-0.17777777777777795,10.92,-0.03288888888888892
2018-06-23,4,14.2,532,1,64993.53103,639,11.51,0.5730337078651688,13.21,0.11174157303370792
2018-06-23,5,13.7,532,0,64993.53103,639,11.19,-0.19672131147540972,10.59,-0.04032786885245899
2018-06-23,6,13.85,532,1,64993.53103,639,11.55,0.504705882352941,12.98,0.1034647058823529
2018-06-23,7,13.75,532,0,64993.53103,639,11.54,-0.07796610169491479,11.31,-0.01403389830508466
2018-06-23,8,14.2,532,1,64993.53103,639,11.29,0.643373493975904,13.07,0.1415421686746989
2018-06-23,9,14.7,532,1,64993.53103,639,11.11,1.1268292682926828,14.19,0.23663414634146335
2018-06-23,10,13.9,532,1,64993.53103,639,11.63,0.6736196319018405,13.46,0.11788343558282208
2018-07-01,1,14.15,570,0,114178.529,740,11.4,-0.3176470588235295,10.41,-0.0667058823529412
2018-07-01,2,14,570,1,114178.529,740,11.04,0.8084210526315792,13.6,0.13743157894736846
2018-07-01,3,14.15,570,0,114178.529,740,11.04,-0.2098360655737701,10.4,-0.04616393442622942
2018-07-01,4,13.9,570,1,114178.529,740,11.35,1.071657754010695,14.69,0.20361497326203207
2018-07-01,5,13.7,570,0,114178.529,740,11.5,-0.3000000000000001,10.6,-0.06000000000000002
2018-07-01,6,13.75,570,1,114178.529,740,11.2,1.1901639344262298,14.83,0.23803278688524596
2018-07-01,8,13.95,570,1,114178.529,740,11.14,0.7843575418994413,13.48,0.16471508379888267
2018-07-01,9,14.05,570,1,114178.529,740,10.95,1.108988764044944,14.24,0.23288764044943824
2018-07-01,10,14.25,570,1,114178.529,740,11.05,1.4581005586592175,15.4,0.24787709497206703
2018-07-12,1,12.55,630,0,63102.63,920,10.86,-0.3780346820809248,9.77,-0.07182658959537572
2018-07-12,2,13,630,1,63102.63,920,10.87,1.1306358381502897,14.13,0.2430867052023123
2018-07-12,3,12.75,630,0,63102.63,920,10.95,-0.03085714285714281,10.86,-0.00632571428571427
2018-07-12,4,13.15,630,1,63102.63,920,10.9,2.7222857142857144,18.84,0.5172342857142858
2018-07-12,5,12.9,630,0,63102.63,920,10.84,-0.09886363636363608,10.55,-0.02125568181818176
2018-07-12,6,13.1,630,1,63102.63,920,10.64,0.34237288135593213,11.65,0.07532203389830507
2018-07-12,7,13.1,630,0,63102.63,920,10.91,-0.4179775280898877,9.67,-0.08986516853932586
2018-07-12,8,12.85,630,1,63102.63,920,10.75,1.237078651685393,14.42,0.24123033707865169
2018-07-12,9,13.25,630,1,63102.63,920,10.44,0.2882681564245814,11.3,0.05332960893854757
2018-07-12,10,13,630,1,63102.63,920,10.77,0.8078212290502793,13.18,0.18579888268156425
2018-07-20,1,13.65,216.5,0,34852.91111,267.5,11.99,-0.16923076923076905,11.55,-0.02707692307692304
2018-07-20,2,13.6,216.5,1,34852.91111,267.5,12.01,0.375,13.01,0.075
2018-07-20,3,13.55,216.5,0,34852.91111,267.5,12.12,-0.11298701298701264,11.83,-0.02259740259740253
2018-07-20,4,13.6,216.5,1,34852.91111,267.5,12.12,0.6038709677419356,13.68,0.11473548387096776
2018-07-20,5,13.5,216.5,0,34852.91111,267.5,12.28,-0.23999999999999985,11.68,-0.04559999999999997
2018-07-20,6,13.55,216.5,1,34852.91111,267.5,12.09,0.5368421052631577,13.45,0.10736842105263154
2018-07-20,7,13.5,216.5,0,34852.91111,267.5,12.06,-0.15918367346938797,11.67,-0.02944897959183677
2018-07-20,8,13.5,216.5,1,34852.91111,267.5,12.27,0.750993377483444,14.16,0.12766887417218548
2018-07-20,9,13.5,216.5,1,34852.91111,267.5,12.21,0.7843137254901962,14.21,0.12941176470588237
2018-07-20,10,13.55,216.5,1,34852.91111,267.5,12.21,0.5999999999999999,13.73,0.10799999999999996
2018-07-28,1,13.6,89.5,0,27004.64,150,11.94,-0.2749999999999997,11.5,-0.04399999999999995
2018-07-28,2,13.6,89.5,1,27004.64,150,12.09,0.23529411764705904,12.49,0.0494117647058824
2018-07-28,3,13.55,89.5,0,27004.64,150,11.94,-0.2193548387096773,11.6,-0.03619354838709675
2018-07-28,4,13.6,89.5,1,27004.64,150,11.82,0.3386138613861388,12.39,0.04740594059405943
2018-07-28,5,13.5,89.5,0,27004.64,150,12.03,-0.1999999999999992,11.72,-0.03599999999999985
2018-07-28,6,13.6,89.5,1,27004.64,150,12.18,0.1800000000000004,12.48,0.03330000000000008
2018-07-28,7,13.5,89.5,0,27004.64,150,12.06,-0.1548387096774195,11.82,-0.02864516129032261
2018-07-28,8,13.45,89.5,1,27004.64,150,12.19,0.3360000000000003,12.75,0.06384000000000006
2018-07-28,9,13.5,89.5,1,27004.64,150,12.01,0.22800000000000045,12.39,0.03876000000000008
2018-07-28,10,13.5,89.5,1,27004.64,150,12.15,0.23762376237623783,12.55,0.05108910891089113
2018-08-11,1,12.05,239.5,0,116127.7571,553.5,11.52,-0.2846715328467155,10.87,-0.04554744525547447
2018-08-11,2,12.2,239.5,1,116127.7571,553.5,11.5,0.39428571428571424,12.42,0.06308571428571427
2018-08-11,3,11.8,239.5,0,116127.7571,553.5,11.56,-0.27391304347826123,10.93,-0.04930434782608702
2018-08-11,4,12.1,239.5,1,116127.7571,553.5,11.6,0.3524475524475524,12.44,0.06167832167832166
2018-08-11,5,11.7,239.5,0,116127.7571,553.5,11.48,-0.21151079136690656,10.99,-0.04018705035971224
2018-08-11,6,12.85,239.5,1,116127.7571,553.5,11.35,0.4593103448275867,12.46,0.07578620689655181
2018-08-11,7,11.95,239.5,0,116127.7571,553.5,11.56,-0.23913043478260904,11.01,-0.04663043478260876
2018-08-11,8,12.9,239.5,1,116127.7571,553.5,11.5,0.5342465753424661,12.8,0.09082191780821924
2018-08-11,9,12.75,239.5,1,116127.7571,553.5,11.74,0.44489795918367336,12.83,0.08897959183673468
2018-08-11,10,12.45,239.5,1,116127.7571,553.5,11.56,0.46530612244897906,12.7,0.08375510204081622
2018-08-17,1,11.1,7.5,0,37041.26154,130,9.26,-0.6531645569620254,6.68,-0.11756962025316456
2018-08-17,2,10.95,7.5,1,37041.26154,130,9.59,-1.2917030567685588,4.66,-0.23896506550218335
2018-08-17,3,10.95,7.5,0,37041.26154,130,9.79,-0.6136986301369861,7.55,-0.09819178082191778
2018-08-17,4,10.9,7.5,1,37041.26154,130,9.77,-0.645933014354067,7.52,-0.1421052631578947
2018-08-17,5,11.2,7.5,0,37041.26154,130,9.88,-0.5329949238578681,8.13,-0.09593908629441623
2018-08-17,6,11.15,7.5,1,37041.26154,130,9.78,-0.7957894736842104,7.26,-0.12732631578947365
2018-08-17,7,10.85,7.5,0,37041.26154,130,9.79,-0.5333333333333332,8.19,-0.10399999999999998
2018-08-17,8,11,7.5,1,37041.26154,130,10.26,-0.735714285714286,8.2,-0.1250714285714286
2018-08-17,9,10.95,7.5,1,37041.26154,130,9.85,-1.00253164556962,7.21,-0.1704303797468354
2018-08-17,10,11.2,7.5,1,37041.26154,130,9.28,-0.6,7.77,-0.132
2019-05-31,1,7.75,639.6,0,12808.53333,952.8,12.59,-0.20479041916167676,12.02,-0.04095808383233535
2019-05-31,2,7.65,639.6,1,12808.53333,952.8,12.51,0.5517241379310344,14.11,0.1268965517241379
2019-05-31,3,8,639.6,0,12808.53333,952.8,12.37,-0.3717791411042944,11.36,-0.09108588957055214
2019-05-31,4,7.95,639.6,1,12808.53333,952.8,12.86,0.7200000000000003,14.9,0.12240000000000004
2019-05-31,5,7.75,639.6,0,12808.53333,952.8,12.63,-0.197515527950311,12.1,-0.0395031055900622
2019-05-31,6,7.75,639.6,1,12808.53333,952.8,12.45,-0.02485207100591662,12.38,-0.00459763313609457
2019-05-31,7,7.75,639.6,0,12808.53333,952.8,12.66,-0.4339622641509435,11.51,-0.07160377358490569
2019-05-31,8,7.95,639.6,1,12808.53333,952.8,12.48,-0.07590361445783164,12.27,-0.01745783132530128
2019-05-31,9,7.7,639.6,1,12808.53333,952.8,12.57,0.3939759036144578,13.66,0.09258433734939756
2019-06-10,1,12.4,719.829519993622,0,116476.7938,NA,12.95,-0.1499999999999997,12.49,-0.02924999999999994
2019-06-10,2,11.95,719.829519993622,1,116476.7938,NA,12.88,0.31612903225806405,13.86,0.06796774193548377
2019-06-10,3,11.85,719.829519993622,0,116476.7938,NA,13.09,-0.1441340782122904,12.66,-0.02738547486033517
2019-06-10,4,11.65,719.829519993622,1,116476.7938,NA,13,0.27065217391304347,13.83,0.05277717391304348
2019-06-10,5,12.25,719.829519993622,0,116476.7938,NA,12.95,-0.1840909090909088,12.41,-0.03497727272727267
2019-06-10,6,12.25,719.829519993622,1,116476.7938,NA,12.97,0.5835164835164834,14.74,0.11378571428571428
2019-06-10,8,12.05,719.829519993622,1,116476.7938,NA,12.98,0.5366666666666665,14.59,0.10733333333333332
2019-06-10,9,11.85,719.829519993622,1,116476.7938,NA,13.06,0.4022346368715081,14.26,0.07642458100558654
2019-06-10,10,12.9,719.829519993622,1,116476.7938,NA,13.07,0.47,14.48,0.08929999999999999
2019-06-16,1,15.8,807.9900895229997,0,128134.1656,NA,12.26,-1.024083769633508,9,-0.2201780104712042
2019-06-16,2,15.45,807.9900895229997,1,128134.1656,NA,12.27,1.5153061224489794,17.22,0.3030612244897959
2019-06-16,3,15.15,807.9900895229997,0,128134.1656,NA,12.38,-1.141935483870968,8.84,-0.26264516129032267
2019-06-16,4,15.1,807.9900895229997,1,128134.1656,NA,12.57,1.604210526315789,17.65,0.32886315789473675
2019-06-16,5,15.45,807.9900895229997,0,128134.1656,NA,12.61,-1.0233333333333334,9.54,-0.20978333333333335
2019-06-16,6,16.5,807.9900895229997,1,128134.1656,NA,12.19,1.751612903225807,17.62,0.3065322580645162
2019-06-16,7,15.6,807.9900895229997,0,128134.1656,NA,12.29,-1.023728813559322,9.27,-0.22010169491525425
2019-06-16,8,15.25,807.9900895229997,1,128134.1656,NA,12.54,1.3945054945054949,16.77,0.27192857142857146
2019-06-16,9,15.35,807.9900895229997,1,128134.1656,NA,12.54,1.1736263736263743,16.1,0.24059340659340672
2019-06-16,10,15.8,807.9900895229997,1,128134.1656,NA,12.25,1.4522727272727278,16.51,0.31223863636363647
2019-06-22,1,13.6,585.996169531964,0,94981.18393,NA,12.54,-0.5419354838709677,10.86,-0.08941935483870968
2019-06-22,2,13.75,585.996169531964,1,94981.18393,NA,12.4,1.0142131979695432,15.73,0.1927005076142132
2019-06-22,3,13.65,585.996169531964,0,94981.18393,NA,12.2,-0.30819672131147524,11.26,-0.06318032786885243
2019-06-22,4,13.9,585.996169531964,1,94981.18393,NA,12.28,1.1036269430051815,15.83,0.19313471502590676
2019-06-22,5,14.15,585.996169531964,0,94981.18393,NA,12.07,-0.5333333333333332,10.47,-0.08799999999999997
2019-06-22,6,13.3,585.996169531964,1,94981.18393,NA,12.4,1.0523076923076922,14.68,0.23150769230769228
2019-06-22,7,14,585.996169531964,0,94981.18393,NA,12.15,-0.3674157303370786,11.06,-0.05841910112359549
2019-06-22,8,13.55,585.996169531964,1,94981.18393,NA,12.36,1.8236220472440945,16.22,0.29907401574803144
2019-06-22,9,13.95,585.996169531964,1,94981.18393,NA,11.99,0.8718749999999997,13.85,0.14211562499999997
2019-06-22,10,14.6,585.996169531964,1,94981.18393,NA,12.31,1.4296874999999996,15.36,0.23446874999999992
2019-07-03,1,13.4,414.77466487256623,0,69974.87879,NA,10.85,-0.22694300518134727,10.12,-0.03971502590673577
2019-07-03,2,13.1,414.77466487256623,1,69974.87879,NA,10.84,0.3343283582089555,11.96,0.05850746268656721
2019-07-03,3,12.7,414.77466487256623,0,69974.87879,NA,10.81,-0.08167539267015701,10.55,-0.0163350785340314
2019-07-03,4,12.7,414.77466487256623,1,69974.87879,NA,10.8,0.30303030303030304,11.8,0.05909090909090909
2019-07-03,5,12.55,414.77466487256623,0,69974.87879,NA,10.87,-0.06737967914438472,10.66,-0.01246524064171117
2019-07-03,6,12.85,414.77466487256623,1,69974.87879,NA,10.85,0.2515151515151515,11.68,0.05659090909090909
2019-07-03,7,12.65,414.77466487256623,0,69974.87879,NA,10.89,-0.05635359116022097,10.72,-0.00986187845303867
2019-07-03,8,12.7,414.77466487256623,1,69974.87879,NA,11.08,0.3437499999999999,12.18,0.05671874999999998
2019-07-03,9,13,414.77466487256623,1,69974.87879,NA,11.12,0.2455958549222801,11.91,0.03929533678756481
2019-07-03,10,13.7,414.77466487256623,1,69974.87879,NA,11.01,0.17319587628865996,11.57,0.032041237113402093
2019-07-19,1,12,96.31005215987038,0,17222.33077,NA,9.81,-0.4973684210526315,8.55,-0.10196052631578946
2019-07-19,2,12.15,96.31005215987038,1,17222.33077,NA,9.84,-0.8163265306122448,7.84,-0.16326530612244894
2019-07-19,3,12.1,96.31005215987038,0,17222.33077,NA,9.32,-0.22686567164179097,8.56,-0.04310447761194028
2019-07-19,4,12.1,96.31005215987038,1,17222.33077,NA,9.77,0.19852941176470637,10.22,0.03474264705882361
2019-07-19,5,12.1,96.31005215987038,0,17222.33077,NA,9.67,-0.4736842105263161,8.62,-0.07578947368421057
2019-07-19,6,12.2,96.31005215987038,1,17222.33077,NA,9.61,-0.5960264900662252,8.11,-0.0923841059602649
2019-07-19,7,12.25,96.31005215987038,0,17222.33077,NA,9.76,-0.5185714285714281,8.55,-0.09074999999999991
2019-07-19,8,12.35,96.31005215987038,1,17222.33077,NA,9.45,-0.425531914893617,8.45,-0.06382978723404255
2019-07-19,9,12.35,96.31005215987038,1,17222.33077,NA,9.66,0.14142857142857146,9.99,0.03111428571428572
2019-07-19,10,12.3,96.31005215987038,1,17222.33077,NA,9.41,0.01678321678321642,9.45,0.00293706293706287
2019-08-01,1,16.8,676.6290978654911,0,126858.4519,NA,11.76,-0.6521739130434783,10.01,-0.12717391304347825
2019-08-01,2,16.15,676.6290978654911,1,126858.4519,NA,10.96,0.45714285714285696,12.24,0.10057142857142852
2019-08-01,3,16.25,676.6290978654911,0,126858.4519,NA,11.44,-0.476923076923077,10.2,-0.08107692307692309
2019-08-01,4,16.4,676.6290978654911,1,126858.4519,NA,11.44,0.6548780487804882,13.23,0.16371951219512204
2019-08-01,5,16.15,676.6290978654911,0,126858.4519,NA,11.1,-0.4901960784313726,9.85,-0.10784313725490197
2019-08-01,6,16.35,676.6290978654911,1,126858.4519,NA,12.46,0.4925925925925919,13.79,0.09359259259259246
2019-08-01,7,16.35,676.6290978654911,0,126858.4519,NA,12.81,-0.6160000000000003,11.27,-0.10164000000000004
2019-08-01,8,17.1,676.6290978654911,1,126858.4519,NA,12.14,1.1088607594936708,15.06,0.1829620253164557
2019-08-01,9,17.450000000000003,676.6290978654911,1,126858.4519,NA,12.79,0.5692307692307694,14.27,0.10246153846153848
2019-08-01,10,18.2,676.6290978654911,1,126858.4519,NA,12.52,1.3594936708860768,16.1,0.2447088607594938
2020-07-21,1,12.05,98.5,0,145126.8833,473,9.74,-0.32698412698412677,8.71,-0.06376190476190473
2020-07-21,2,11.85,98.5,1,145126.8833,473,9.54,0.5326530612244899,11.28,0.10386734693877551
2020-07-21,3,11.65,98.5,0,145126.8833,473,9.56,-0.34148936170212774,8.49,-0.06829787234042554
2020-07-21,4,11.6,98.5,1,145126.8833,473,9.56,0.6217616580310881,11.56,0.12124352331606218
2020-07-21,5,11.8,98.5,0,145126.8833,473,9.57,-0.6551351351351352,7.55,-0.12447567567567568
2020-07-21,6,12.45,98.5,1,145126.8833,473,9.33,1.152631578947369,12.98,0.19594736842105268
2020-07-21,7,12.15,98.5,0,145126.8833,473,9.51,-0.4271739130434784,8.2,-0.07689130434782611
2020-07-21,8,12.25,98.5,1,145126.8833,473,9.59,0.8842105263157898,12.39,0.16357894736842113
2020-07-21,9,12.25,98.5,1,145126.8833,473,9.64,0.7515789473684208,12.02,0.13904210526315786
2020-07-21,10,12.45,98.5,1,145126.8833,473,9.56,0.7015873015873013,11.77,0.12628571428571422
2020-07-30,1,13.55,248.5,0,79704.97,560,10.37,-0.2535714285714283,9.66,-0.05324999999999993
2020-07-30,2,13.1,248.5,1,79704.97,560,10.62,1.7590909090909093,15.78,0.3078409090909091
2020-07-30,3,13.15,248.5,0,79704.97,560,10.72,-0.22085889570552197,10.12,-0.04085889570552156
2020-07-30,4,13.4,248.5,1,79704.97,560,10.54,1.779069767441861,15.64,0.320232558139535
2020-07-30,5,14,248.5,0,79704.97,560,10.55,-0.3056603773584908,9.74,-0.05654716981132079
2020-07-30,6,13.75,248.5,1,79704.97,560,10.61,1.579881656804734,15.06,0.2922781065088758
2020-07-30,7,13.25,248.5,0,79704.97,560,10.31,0.09171974522293,10.55,0.01880254777070065
2020-07-30,8,13.3,248.5,1,79704.97,560,10.61,1.8682634730538927,15.81,0.382994011976048
2020-07-30,9,13.5,248.5,1,79704.97,560,10.44,1.2826347305389223,14.01,0.2565269461077845
2020-07-30,10,13.9,248.5,1,79704.97,560,10.41,1.0857142857142854,13.45,0.23342857142857135
2020-08-12,1,15.35,72.5,0,69535.175,285,10.6,-0.3989010989010986,9.39,-0.07379670329670324
2020-08-12,2,15.05,72.5,1,69535.175,285,10.06,0.41052631578947335,11.36,0.07799999999999993
2020-08-12,3,15.1,72.5,0,69535.175,285,10.01,-0.32333333333333353,9.04,-0.0598166666666667
2020-08-12,4,15.2,72.5,1,69535.175,285,9.82,0.5619047619047618,11.59,0.10395238095238094
2020-08-12,5,15.55,72.5,0,69535.175,285,10.08,-0.19887640449438196,9.49,-0.03878089887640448
2020-08-12,6,14.95,72.5,1,69535.175,285,9.87,0.4000000000000005,11.13,0.07200000000000009
2020-08-12,7,14.8,72.5,0,69535.175,285,9.84,-0.1738636363636363,9.33,-0.03564204545454544
2020-08-12,8,14.35,72.5,1,69535.175,285,9.52,0.5032258064516131,11.08,0.0930967741935484
2020-08-12,9,14.8,72.5,1,69535.175,285,9.63,0.3794594594594594,10.8,0.07589189189189188
2020-08-12,10,15.15,72.5,1,69535.175,285,9.5,0.18387096774193556,10.07,0.0330967741935484
2020-08-22,1,11.75,272.55,0,101318.5351,580.85,11,-0.2638888888888887,10.05,-0.04222222222222219
2020-08-22,2,11.85,272.55,1,101318.5351,580.85,11.23,0.4331707317073173,12.71,0.07363902439024393
2020-08-22,3,11.6,272.55,0,101318.5351,580.85,10.8,-0.23944954128440393,9.93,-0.03352293577981655
2020-08-22,4,11.9,272.55,1,101318.5351,580.85,11.1,0.41584158415841593,12.5,0.06653465346534655
2020-08-22,5,11.75,272.55,0,101318.5351,580.85,10.79,-0.3041474654377879,9.69,-0.03953917050691243
2020-08-22,6,12.3,272.55,1,101318.5351,580.85,10.74,0.5519999999999999,12.58,0.0828
2020-08-22,7,12.05,272.55,0,101318.5351,580.85,10.76,-0.29023255813953464,9.72,-0.04063255813953485
2020-08-22,8,12.15,272.55,1,101318.5351,580.85,10.62,0.8192893401015232,13.31,0.10650761421319802
2020-08-22,9,12.25,272.55,1,101318.5351,580.85,10.91,0.5055837563451777,12.57,0.08089340101522843
2020-08-22,10,12.25,272.55,1,101318.5351,580.85,10.97,0.6123076923076923,12.96,0.08572307692307693
2021-05-25,1,12.05,482.5,0,137778.7,865,13.67,-0.2147368421052631,12.99,-0.04402105263157893
2021-05-25,2,10.95,482.5,1,137778.7,865,13.4,0.5876288659793816,15.3,0.13515463917525777
2021-05-25,3,10.65,482.5,0,137778.7,865,13.54,-0.10378378378378328,13.22,-0.02594594594594582
2021-05-25,4,10.4,482.5,1,137778.7,865,13.63,0.41151832460732946,14.94,0.08847643979057583
2021-05-25,5,10.1,482.5,0,137778.7,865,13.79,-0.11803278688524572,13.43,-0.02301639344262291
2021-05-25,6,11.15,482.5,1,137778.7,865,13.52,0.5621052631578951,15.3,0.10961052631578956
2021-05-25,7,10.25,482.5,0,137778.7,865,13.52,-0.11333333333333329,13.18,-0.02493333333333332
2021-05-25,8,10.15,482.5,1,137778.7,865,13.66,0.4476190476190477,15.07,0.08952380952380955
2021-05-25,9,10,482.5,1,137778.7,865,13.65,0.39047619047619064,14.88,0.08200000000000003
2021-05-25,10,10.15,482.5,1,137778.7,865,13.6,0.4539682539682539,15.03,0.10214285714285712
2021-06-03,1,11.1,295.55,0,88178.4,442.2000000000001,12.39,-0.19171597633136123,11.85,-0.04121893491124266
2021-06-03,2,11.25,295.55,1,88178.4,442.2000000000001,12.53,0.6068965517241379,14.29,0.10317241379310343
2021-06-03,3,11.05,295.55,0,88178.4,442.2000000000001,12.11,-0.198773006134969,11.57,-0.04472392638036803
2021-06-03,4,11,295.55,1,88178.4,442.2000000000001,12.14,0.18837209302325553,12.68,0.04426744186046504
2021-06-03,5,10.85,295.55,0,88178.4,442.2000000000001,11.94,-0.1358490566037734,11.58,-0.02445283018867921
2021-06-03,6,10.7,295.55,1,88178.4,442.2000000000001,12.41,0.5076923076923076,13.84,0.10407692307692304
2021-06-03,7,10.85,295.55,0,88178.4,442.2000000000001,12.33,-0.1432258064516126,11.96,-0.02578064516129026
2021-06-03,8,11,295.55,1,88178.4,442.2000000000001,12.1,0.4012048192771089,13.21,0.06820481927710852
2021-06-03,9,11.15,295.55,1,88178.4,442.2000000000001,11.99,0.26227544910179657,12.72,0.04983233532934134
2021-06-03,10,11.2,295.55,1,88178.4,442.2000000000001,12.42,0.2946107784431139,13.24,0.05892215568862278
2021-06-09,1,11.4,137.5,0,32418.51176,171.5,12.66,-0.1398963730569946,12.21,-0.03287564766839373
2021-06-09,2,11.3,137.5,1,32418.51176,171.5,12.77,0.7514563106796117,15.35,0.1803495145631068
2021-06-09,3,11.25,137.5,0,32418.51176,171.5,12.78,-0.22072538860103597,12.07,-0.03973056994818647
2021-06-09,4,11.25,137.5,1,32418.51176,171.5,12.75,0.6088235294117648,14.82,0.13698529411764707
2021-06-09,5,11.3,137.5,0,32418.51176,171.5,12.52,-0.1768421052631575,11.96,-0.03713684210526307
2021-06-09,6,11.2,137.5,1,32418.51176,171.5,12.72,0.7679999999999996,15.28,0.15359999999999993
2021-06-09,7,11.1,137.5,0,32418.51176,171.5,12.57,-0.26842105263157884,11.72,-0.05099999999999997
2021-06-09,8,11.1,137.5,1,32418.51176,171.5,12.66,0.6818181818181819,14.91,0.1431818181818182
2021-06-09,9,11.2,137.5,1,32418.51176,171.5,12.38,0.351,13.55,0.07897499999999999
2021-06-09,10,11.25,137.5,1,32418.51176,171.5,12.02,0.2940594059405941,13.01,0.05734158415841585
2021-06-17,1,6.5,151.85000000000002,0,70226.61,233.4,12.62,-0.16595744680851052,12.1,-0.03734042553191486
2021-06-17,2,6.35,151.85000000000002,1,70226.61,233.4,12.76,0.46105263157894766,14.22,0.10604210526315797
2021-06-17,3,6.35,151.85000000000002,0,70226.61,233.4,12.74,-0.05775401069518707,12.56,-0.01328342245989302
2021-06-17,4,6.25,151.85000000000002,1,70226.61,233.4,12.81,0.5936507936507934,14.68,0.1513809523809523
2021-06-17,5,6.3,151.85000000000002,0,70226.61,233.4,12.72,-0.06702127659574496,12.51,-0.01507978723404261
2021-06-17,6,6.25,151.85000000000002,1,70226.61,233.4,12.92,0.9157894736842108,15.82,0.17400000000000002
2021-06-17,7,6.2,151.85000000000002,0,70226.61,233.4,12.74,-0.1927461139896376,12.12,-0.03854922279792752
2021-06-17,8,6.25,151.85000000000002,1,70226.61,233.4,12.76,0.6000000000000001,14.66,0.108
2021-06-17,9,6.199999999999999,151.85000000000002,1,70226.61,233.4,12.85,0.7926315789473684,15.36,0.17437894736842105
2021-06-17,10,6.199999999999999,151.85000000000002,1,70226.61,233.4,12.81,0.7256544502617798,15.12,0.14513089005235597
2021-06-27,1,13.35,196.85,0,67052.29,253.2,11.47,-0.20446927374301715,10.86,-0.03884916201117325
2021-06-27,2,12.4,196.85,1,67052.29,253.2,11.26,0.4043478260869566,12.5,0.07682608695652175
2021-06-27,3,12.45,196.85,0,67052.29,253.2,11.6,-0.1853932584269659,11.05,-0.03337078651685386
2021-06-27,4,12.55,196.85,1,67052.29,253.2,11.77,0.5803278688524589,13.54,0.1102622950819672
2021-06-27,5,12.85,196.85,0,67052.29,253.2,11.34,-0.19090909090909108,10.78,-0.03818181818181822
2021-06-27,6,12.8,196.85,1,67052.29,253.2,11.58,0.5604395604395602,13.28,0.10648351648351644
2021-06-27,7,12.5,196.85,0,67052.29,253.2,11.39,-0.17142857142857143,10.89,-0.03342857142857143
2021-06-27,8,12.3,196.85,1,67052.29,253.2,11.82,0.6166666666666666,13.67,0.11099999999999996
2021-06-27,9,12.35,196.85,1,67052.29,253.2,11.91,0.499441340782123,13.4,0.097391061452514
2021-06-27,10,12.7,196.85,1,67052.29,253.2,11.74,0.5258426966292137,13.3,0.09728089887640452
2021-07-07,1,18.1,538.7,0,136233.9,823.7,12.55,-0.3129186602870813,11.46,-0.06414832535885168
2021-07-07,2,18,538.7,1,136233.9,823.7,12.55,0.6834224598930478,14.68,0.13668449197860957
2021-07-07,3,17.75,538.7,0,136233.9,823.7,12.58,-0.3083798882681564,11.66,-0.05705027932960892
2021-07-07,4,17.8,538.7,1,136233.9,823.7,12.57,0.6354838709677415,14.54,0.11120967741935477
2021-07-07,5,17.9,538.7,0,136233.9,823.7,12.41,-0.3647727272727274,11.34,-0.07113068181818184
2021-07-07,6,18,538.7,1,136233.9,823.7,12.55,0.7097142857142852,14.62,0.13129714285714275
2021-07-07,7,17.65,538.7,0,136233.9,823.7,12.57,-0.42105263157894773,11.37,-0.06736842105263163
2021-07-07,8,17.7,538.7,1,136233.9,823.7,12.45,0.8212290502793299,14.9,0.14371508379888273
2021-07-07,9,17.6,538.7,1,136233.9,823.7,12.5,0.4819672131147543,13.97,0.08675409836065578
2021-07-07,10,17.799999999999997,538.7,1,136233.9,823.7,12.36,0.5516129032258067,14.07,0.10480645161290328
2021-07-17,1,17.15,217.28,0,99200.66,696.6,9.02,-0.39465240641711213,7.79,-0.06709090909090906
2021-07-17,2,16.4,217.28,1,99200.66,696.6,9.16,1.0625,12.56,0.2178125
2021-07-17,3,16.2,217.28,0,99200.66,696.6,9.02,-0.4219780219780218,7.74,-0.07806593406593404
2021-07-17,4,16.2,217.28,1,99200.66,696.6,9.32,0.9396825396825396,12.28,0.202031746031746
2021-07-17,5,16.15,217.28,0,99200.66,696.6,9.19,-0.4433333333333331,7.86,-0.07536666666666662
2021-07-17,6,15.95,217.28,1,99200.66,696.6,9.18,1.1578378378378378,12.75,0.22577837837837836
2021-07-17,7,15.75,217.28,0,99200.66,696.6,9.06,-0.4203389830508475,7.82,-0.06935593220338983
2021-07-17,8,15.6,217.28,1,99200.66,696.6,9.17,0.9311475409836064,12.01,0.1815737704918033
2021-07-17,9,15.7,217.28,1,99200.66,696.6,9.08,0.9032967032967034,11.82,0.16710989010989014
2021-07-17,10,15.8,217.28,1,99200.66,696.6,9.12,0.9546961325966854,12,0.1957127071823205
2021-07-27,1,14.45,180.3,0,113529.7,535.35,9.37,-0.29828571428571404,8.5,-0.05219999999999995
2021-07-27,2,14.25,180.3,1,113529.7,535.35,9.25,0.6935483870967742,11.4,0.14911290322580645
2021-07-27,3,14.15,180.3,0,113529.7,535.35,9.27,-0.21724137931034448,8.64,-0.04018965517241373
2021-07-27,4,14.1,180.3,1,113529.7,535.35,9.37,0.5934426229508198,11.18,0.11868852459016396
2021-07-27,5,14.45,180.3,0,113529.7,535.35,8.98,-0.27052023121387325,8.2,-0.04463583815028908
2021-07-27,6,14.4,180.3,1,113529.7,535.35,9.22,0.6198895027624307,11.09,0.12397790055248611
2021-07-27,7,14.2,180.3,0,113529.7,535.35,9.44,-0.189473684210526,8.9,-0.03884210526315783
2021-07-27,8,14.2,180.3,1,113529.7,535.35,9.24,0.6905027932960895,11.3,0.13464804469273747
2021-07-27,9,14.3,180.3,1,113529.7,535.35,9.29,0.5764044943820228,11,0.11816292134831469
2021-07-27,10,14.45,180.3,1,113529.7,535.35,9.26,0.9251396648044692,12.02,0.16652513966480445
2021-08-02,1,15.41,234.2,0,79146.2,378.2999999999999,10,-0.18770949720670407,9.44,-0.03191061452513969
2021-08-02,2,15,234.2,1,79146.2,378.2999999999999,9.69,0.3829787234042557,10.89,0.07085106382978729
2021-08-02,3,14.9,234.2,0,79146.2,378.2999999999999,10.17,-0.28474576271186436,9.33,-0.05410169491525422
2021-08-02,4,14.9,234.2,1,79146.2,378.2999999999999,10.04,0.30645161290322614,10.99,0.0597580645161291
2021-08-02,5,15.05,234.2,0,79146.2,378.2999999999999,9.51,-0.17727272727272714,8.99,-0.03279545454545452
2021-08-02,6,14.95,234.2,1,79146.2,378.2999999999999,9.74,0.37297297297297305,10.89,0.05967567567567568
2021-08-02,7,14.9,234.2,0,79146.2,378.2999999999999,9.77,-0.20795454545454528,9.16,-0.04159090909090905
2021-08-02,8,14.85,234.2,1,79146.2,378.2999999999999,10.16,0.18032786885245927,10.71,0.03786885245901644
2021-08-02,9,14.9,234.2,1,79146.2,378.2999999999999,9.79,0.37826086956521743,10.95,0.07754347826086957
2021-08-02,10,15.1,234.2,1,79146.2,378.2999999999999,9.82,0.2918032786885248,10.71,0.05544262295081971
